{"type":"FeatureCollection","licence":"Data © OpenStreetMap contributors, ODbL 1.0. http://osm.org/copyright","features":[{"type":"Feature","properties":{"place_id":11874373,"osm_type":"relation","osm_id":298395,"place_rank":16,"category":"boundary","type":"administrative","importance":0.577942499003183,"addresstype":"municipality","name":"Araraquara","display_name":"Araraquara, São Paulo, Região Sudeste, Brasil"},"bbox":[-48.3966951,-21.9719336,-47.9450000,-21.5389305],"geometry":{"type":"Polygon","coordinates":[[[-48.3966951,-21.8538566],[-48.3957153,-21.8550937],[-48.3955946,-21.8553177],[-48.3955105,-21.8556675],[-48.3953977,-21.8559485],[-48.3952292,-21.856256],[-48.395023,-21.8566324],[-48.3947562,-21.8568505],[-48.3940829,-21.8572042],[-48.3939177,-21.8573693],[-48.39367,-21.8576758],[-48.3933397,-21.8579352],[-48.3929773,-21.8580769],[-48.3926988,-21.8580352],[-48.392279,-21.8577937],[-48.3920058,-21.8576935],[-48.3909895,-21.8576051],[-48.3906021,-21.857499],[-48.3903099,-21.8572926],[-48.3899986,-21.8572514],[-48.3898525,-21.857157],[-48.3896938,-21.8566441],[-48.3894905,-21.856426],[-48.3892174,-21.8562904],[-48.3888426,-21.8562904],[-48.3881757,-21.8563553],[-48.3877818,-21.8562668],[-48.3874706,-21.8560959],[-48.387261,-21.8558424],[-48.387026,-21.8555123],[-48.3866068,-21.8553059],[-48.3860033,-21.8552116],[-48.3841105,-21.8553708],[-48.383723,-21.8553531],[-48.3834816,-21.855247],[-48.3827385,-21.8545395],[-48.382478,-21.8543744],[-48.3822035,-21.854357],[-48.3818175,-21.8544098],[-48.3815443,-21.8545277],[-48.3812521,-21.8545277],[-48.381087,-21.8544098],[-48.3805979,-21.8541033],[-48.3801914,-21.8539441],[-48.3798674,-21.8539441],[-48.3795054,-21.8540561],[-48.3789401,-21.8542978],[-48.3786288,-21.854345],[-48.3782541,-21.8542978],[-48.3779365,-21.8541504],[-48.3774918,-21.8536788],[-48.3770726,-21.8532838],[-48.3768058,-21.8530185],[-48.3766407,-21.852824],[-48.3764819,-21.8528004],[-48.3762596,-21.8528534],[-48.3762024,-21.8530067],[-48.3761198,-21.8536434],[-48.3759674,-21.8539441],[-48.3756562,-21.8543744],[-48.375472,-21.854569],[-48.3754211,-21.8546751],[-48.375491,-21.8553354],[-48.3754275,-21.8556243],[-48.3751154,-21.8559353],[-48.3749066,-21.8561077],[-48.3746861,-21.8561931],[-48.3743825,-21.8562447],[-48.3740181,-21.8562402],[-48.3737697,-21.8561656],[-48.3736927,-21.8560622],[-48.3736932,-21.855951],[-48.3737506,-21.8558247],[-48.3741828,-21.8554747],[-48.3742852,-21.8553552],[-48.3743065,-21.8552083],[-48.3742397,-21.8550311],[-48.3741601,-21.8548725],[-48.3737651,-21.8545265],[-48.3736233,-21.854499],[-48.3733933,-21.854485],[-48.3729028,-21.8546338],[-48.372683,-21.854726],[-48.3719255,-21.8551725],[-48.371753,-21.8553388],[-48.3712617,-21.8561718],[-48.3710165,-21.8566892],[-48.371004,-21.8569582],[-48.3709451,-21.857166],[-48.3709749,-21.8572768],[-48.3710617,-21.8573662],[-48.3716488,-21.8576586],[-48.3717564,-21.8578039],[-48.3718174,-21.8579358],[-48.3718231,-21.8581114],[-48.3717864,-21.8582163],[-48.3717043,-21.8582879],[-48.3715607,-21.8583571],[-48.3712595,-21.858401],[-48.3710389,-21.8584004],[-48.3708308,-21.8583766],[-48.3705354,-21.8582793],[-48.3695627,-21.8579525],[-48.3692779,-21.8578982],[-48.3691478,-21.8579187],[-48.3690263,-21.8579786],[-48.3689517,-21.8580574],[-48.3687303,-21.8583959],[-48.3685674,-21.8585283],[-48.3683698,-21.8586075],[-48.3681737,-21.8586571],[-48.3672824,-21.8588091],[-48.3669592,-21.8588634],[-48.3667011,-21.8588289],[-48.3664315,-21.8587169],[-48.366276,-21.8585617],[-48.36623,-21.858396],[-48.366465,-21.8575756],[-48.3664714,-21.8572926],[-48.3660712,-21.8564732],[-48.365652,-21.8561666],[-48.3643371,-21.8553826],[-48.3641466,-21.8553943],[-48.3639624,-21.8554828],[-48.3639179,-21.8557068],[-48.3638925,-21.8560369],[-48.3639624,-21.8563317],[-48.3639751,-21.8565616],[-48.3638417,-21.8566559],[-48.3636479,-21.8566337],[-48.363486,-21.8564555],[-48.3630449,-21.8558817],[-48.3628918,-21.8557614],[-48.3626898,-21.8557093],[-48.3624799,-21.8557295],[-48.3619901,-21.8559318],[-48.3616641,-21.8560089],[-48.3614025,-21.8559922],[-48.3612337,-21.8558694],[-48.3611163,-21.8556891],[-48.3610384,-21.8553021],[-48.3610786,-21.855018],[-48.3614407,-21.854398],[-48.3614852,-21.854174],[-48.3613668,-21.8540426],[-48.3611964,-21.8539876],[-48.360926,-21.8540366],[-48.3595426,-21.8549272],[-48.3593266,-21.8549629],[-48.3592184,-21.8549084],[-48.3591896,-21.854715],[-48.3591681,-21.8545045],[-48.359079,-21.8543504],[-48.3589469,-21.8542792],[-48.3587525,-21.8542274],[-48.3585564,-21.8542594],[-48.3583219,-21.8544275],[-48.3579159,-21.8547434],[-48.3576375,-21.8548384],[-48.357035,-21.8548991],[-48.3568895,-21.8548838],[-48.3568052,-21.8547978],[-48.3567874,-21.8546754],[-48.3568848,-21.8542582],[-48.356851,-21.8541155],[-48.3567647,-21.8540157],[-48.3565422,-21.8539107],[-48.3563688,-21.8539099],[-48.3556255,-21.8543516],[-48.3552436,-21.854541],[-48.3550473,-21.8545826],[-48.3549114,-21.8545062],[-48.3548799,-21.854412],[-48.3548792,-21.8542978],[-48.355038,-21.8540384],[-48.3552245,-21.8538204],[-48.3552619,-21.8536675],[-48.3552378,-21.8534928],[-48.3551556,-21.8533269],[-48.3550268,-21.8531857],[-48.3536189,-21.8528437],[-48.3533803,-21.852823],[-48.3531849,-21.8528822],[-48.3525163,-21.8531718],[-48.3522623,-21.8533722],[-48.3519701,-21.8537377],[-48.3517224,-21.8540325],[-48.3515191,-21.8541151],[-48.3512714,-21.8540797],[-48.3510935,-21.8538674],[-48.3506553,-21.8531305],[-48.3505409,-21.8527768],[-48.3505536,-21.8523818],[-48.3504838,-21.852258],[-48.3503695,-21.8522152],[-48.3502106,-21.8522403],[-48.3500201,-21.8523936],[-48.349766,-21.8527768],[-48.3495119,-21.8529242],[-48.3493622,-21.8529506],[-48.348864,-21.852877],[-48.3483622,-21.8529006],[-48.3474095,-21.8529713],[-48.3472062,-21.8530362],[-48.3470601,-21.8531659],[-48.3468696,-21.8536375],[-48.3467743,-21.8537849],[-48.3466345,-21.8538085],[-48.3464948,-21.8536965],[-48.3464503,-21.8535137],[-48.3462407,-21.8533487],[-48.345993,-21.8533781],[-48.3458533,-21.853331],[-48.3457199,-21.8532425],[-48.3452537,-21.8528249],[-48.3450819,-21.8528206],[-48.344983,-21.8528181],[-48.3447353,-21.8528829],[-48.3444813,-21.8530598],[-48.3437317,-21.8537024],[-48.3438143,-21.8538792],[-48.3439477,-21.8541445],[-48.3443207,-21.8545988],[-48.3446337,-21.8546103],[-48.3449005,-21.8545454],[-48.3451482,-21.8545867],[-48.34518,-21.8547164],[-48.3450212,-21.8552116],[-48.344983,-21.8555712],[-48.3449576,-21.8561784],[-48.3447861,-21.8565439],[-48.3444813,-21.8567679],[-48.34411,-21.8568616],[-48.3439566,-21.8567627],[-48.3438757,-21.8565042],[-48.3439027,-21.8562166],[-48.3437769,-21.8560165],[-48.3435613,-21.8559081],[-48.3432739,-21.8558914],[-48.3430089,-21.8559206],[-48.3427619,-21.8559039],[-48.3423217,-21.8557539],[-48.3414189,-21.8553037],[-48.3412123,-21.8552578],[-48.3409788,-21.8552161],[-48.3408755,-21.8551119],[-48.3408934,-21.8549368],[-48.3412213,-21.85452],[-48.3417872,-21.8538321],[-48.3419354,-21.8535612],[-48.3419624,-21.8533277],[-48.341886,-21.8531026],[-48.3415312,-21.8528566],[-48.3412393,-21.8526524],[-48.3410147,-21.8524523],[-48.3407722,-21.8523189],[-48.3405643,-21.8522173],[-48.3403994,-21.852273],[-48.3402826,-21.8524023],[-48.3401523,-21.8526691],[-48.340049,-21.8529567],[-48.3397795,-21.8533194],[-48.3394099,-21.8537644],[-48.3393259,-21.8538655],[-48.3389576,-21.8542365],[-48.3382569,-21.8548409],[-48.3377943,-21.8553245],[-48.3374081,-21.8558622],[-48.3374081,-21.8560165],[-48.3376102,-21.8564042],[-48.3386567,-21.8578923],[-48.3387151,-21.8581258],[-48.3386252,-21.8583801],[-48.3383602,-21.858651],[-48.3379785,-21.8588303],[-48.3375518,-21.8589762],[-48.3369634,-21.859022],[-48.3363122,-21.8590053],[-48.335607,-21.8589011],[-48.3355351,-21.8587386],[-48.3355486,-21.8583509],[-48.3354723,-21.8581091],[-48.3352881,-21.8578923],[-48.3349063,-21.8577214],[-48.334538,-21.8576381],[-48.3344392,-21.857488],[-48.3343674,-21.8572295],[-48.3343988,-21.8570753],[-48.3345425,-21.8569794],[-48.3349378,-21.8569836],[-48.3351174,-21.8568961],[-48.3359753,-21.856079],[-48.3361954,-21.8560123],[-48.3362538,-21.8558914],[-48.3362403,-21.855683],[-48.3361594,-21.8555413],[-48.3359439,-21.8555413],[-48.3356833,-21.8556163],[-48.3352791,-21.8556955],[-48.3350231,-21.855683],[-48.3348662,-21.8556165],[-48.3346907,-21.8553203],[-48.3345425,-21.8552328],[-48.3344886,-21.8551369],[-48.3344831,-21.8549449],[-48.3346099,-21.8548243],[-48.334794,-21.8546659],[-48.3350321,-21.8546492],[-48.335333,-21.8546283],[-48.3354902,-21.8545908],[-48.335589,-21.8544574],[-48.3356205,-21.8543032],[-48.33558,-21.8541448],[-48.3354678,-21.8540447],[-48.3353106,-21.8540364],[-48.3351713,-21.8541073],[-48.3350096,-21.8541906],[-48.3347177,-21.8542281],[-48.3344168,-21.8541865],[-48.3341832,-21.8540864],[-48.334035,-21.8540822],[-48.3338464,-21.8541531],[-48.3337835,-21.8542532],[-48.3338059,-21.8544407],[-48.3338419,-21.8546575],[-48.3335679,-21.8554746],[-48.333487,-21.855583],[-48.3333523,-21.8555579],[-48.3332131,-21.8555163],[-48.3329705,-21.8554829],[-48.3324585,-21.8555037],[-48.3319016,-21.8556788],[-48.330626,-21.8561165],[-48.3305901,-21.8562458],[-48.3305945,-21.8564292],[-48.3306815,-21.8565416],[-48.3307203,-21.8565918],[-48.3308865,-21.8567251],[-48.3309853,-21.856846],[-48.3311021,-21.857042],[-48.3311052,-21.8571957],[-48.3310914,-21.857358],[-48.3309979,-21.8575354],[-48.3309221,-21.8576113],[-48.3308091,-21.8576726],[-48.3306557,-21.857679],[-48.3303015,-21.8575687],[-48.3300087,-21.8575689],[-48.3299224,-21.8575873],[-48.3298514,-21.8576364],[-48.3296918,-21.8578257],[-48.329493,-21.857961],[-48.3294096,-21.8580548],[-48.3293564,-21.8581932],[-48.3293886,-21.8582918],[-48.3294708,-21.8583886],[-48.3296241,-21.8584348],[-48.32982,-21.8584259],[-48.3302921,-21.858314],[-48.3304612,-21.8583553],[-48.3306025,-21.8584436],[-48.3306868,-21.8585405],[-48.3307435,-21.8586989],[-48.3307697,-21.8589136],[-48.3306298,-21.8591764],[-48.3304329,-21.859418],[-48.3300421,-21.8597223],[-48.3298671,-21.8597989],[-48.3294941,-21.8600683],[-48.329283,-21.8602601],[-48.3292204,-21.860398],[-48.3292114,-21.8605459],[-48.3292404,-21.8609723],[-48.3292379,-21.8611154],[-48.3292008,-21.8612061],[-48.3291281,-21.8612688],[-48.3290181,-21.8613314],[-48.3283036,-21.8615885],[-48.3281994,-21.8615733],[-48.3281342,-21.8615217],[-48.328118,-21.861444],[-48.3281541,-21.8613567],[-48.3282606,-21.8612737],[-48.328446,-21.8610765],[-48.3284962,-21.860967],[-48.3284847,-21.8608397],[-48.3284099,-21.8607278],[-48.3283328,-21.8606918],[-48.3282586,-21.8606803],[-48.3281844,-21.8607035],[-48.3280418,-21.8608694],[-48.3278641,-21.8610253],[-48.3277505,-21.861052],[-48.3276562,-21.8610119],[-48.3275979,-21.8609317],[-48.3275816,-21.86082],[-48.3274982,-21.8602837],[-48.327439,-21.8601931],[-48.3271463,-21.8598837],[-48.327035,-21.859837],[-48.3269261,-21.8598054],[-48.3267885,-21.8598022],[-48.3266975,-21.8598256],[-48.3266151,-21.8598766],[-48.326309,-21.8600715],[-48.3261322,-21.8601244],[-48.3259279,-21.8601308],[-48.3256867,-21.8600797],[-48.3251694,-21.8597432],[-48.3248198,-21.8594486],[-48.3245144,-21.8592868],[-48.3242251,-21.8591646],[-48.3240236,-21.8591346],[-48.3235565,-21.8591679],[-48.3231028,-21.8591262],[-48.3226133,-21.8589928],[-48.3223977,-21.8589762],[-48.3220833,-21.8590304],[-48.3216207,-21.8590971],[-48.3210304,-21.8592724],[-48.3208904,-21.8593574],[-48.3208012,-21.8594461],[-48.3207403,-21.8595347],[-48.3207391,-21.8596943],[-48.3208073,-21.8598442],[-48.3208418,-21.8602355],[-48.3208304,-21.8603767],[-48.3207942,-21.8604602],[-48.3207376,-21.8605122],[-48.320628,-21.8605477],[-48.3203945,-21.860556],[-48.3199461,-21.8605464],[-48.3196934,-21.8605906],[-48.3195196,-21.8606677],[-48.3191705,-21.8608881],[-48.3189258,-21.8609729],[-48.3188605,-21.8610237],[-48.3188075,-21.861104],[-48.3187867,-21.8612344],[-48.318809,-21.8613647],[-48.3189033,-21.8618399],[-48.3188719,-21.8621067],[-48.3187012,-21.8624693],[-48.3184138,-21.8627861],[-48.318288,-21.8628526],[-48.3181757,-21.862832],[-48.3180584,-21.8627687],[-48.3179785,-21.8626452],[-48.3178041,-21.8622832],[-48.3177215,-21.8621927],[-48.3175963,-21.8621442],[-48.3175107,-21.8621086],[-48.3174391,-21.8621984],[-48.3173268,-21.8622859],[-48.3172868,-21.8623687],[-48.3172654,-21.8624429],[-48.317256,-21.8627348],[-48.317493,-21.8634406],[-48.3174994,-21.8636163],[-48.3173852,-21.8638407],[-48.3169136,-21.8642951],[-48.316716,-21.8645202],[-48.3166037,-21.8647161],[-48.3166441,-21.8649704],[-48.3165947,-21.8652288],[-48.316469,-21.8654747],[-48.3163076,-21.8655914],[-48.3161186,-21.865679],[-48.3157728,-21.8657082],[-48.3155213,-21.8657832],[-48.3154135,-21.8658707],[-48.315391,-21.8659999],[-48.3153776,-21.86615],[-48.3154629,-21.86625],[-48.3155437,-21.8663417],[-48.3157369,-21.8663459],[-48.3162085,-21.8662751],[-48.3165319,-21.8662334],[-48.3166935,-21.8662584],[-48.3167834,-21.8663543],[-48.3167025,-21.8664168],[-48.3164824,-21.8664751],[-48.3162893,-21.866471],[-48.3160288,-21.8665668],[-48.3156875,-21.8667669],[-48.3153057,-21.8668795],[-48.3149509,-21.8668628],[-48.3145377,-21.8668294],[-48.3141918,-21.8668461],[-48.3139987,-21.8669128],[-48.3139268,-21.8670295],[-48.3139178,-21.8672754],[-48.3138689,-21.8674059],[-48.3136888,-21.8675005],[-48.3134642,-21.8675464],[-48.3131453,-21.8675047],[-48.3128174,-21.8674964],[-48.3124671,-21.8675547],[-48.312,-21.8676964],[-48.3117619,-21.8678173],[-48.3115284,-21.867884],[-48.3110298,-21.8678715],[-48.3106391,-21.8679007],[-48.3102349,-21.8679882],[-48.3095926,-21.8681174],[-48.3092153,-21.868255],[-48.3089368,-21.8684634],[-48.3086943,-21.8687302],[-48.3080745,-21.8695596],[-48.3078993,-21.8698681],[-48.3078095,-21.8701474],[-48.3078768,-21.8703558],[-48.3083709,-21.8710602],[-48.3084652,-21.8713603],[-48.3086045,-21.871477],[-48.3088919,-21.8716104],[-48.3089773,-21.8717146],[-48.3090042,-21.8718355],[-48.3088695,-21.871898],[-48.3086673,-21.8719147],[-48.3084922,-21.8719939],[-48.3083979,-21.8721522],[-48.3083125,-21.8723607],[-48.3080924,-21.8725566],[-48.3077107,-21.87274],[-48.3074771,-21.8727483],[-48.3073199,-21.8726608],[-48.3072301,-21.8724398],[-48.3072346,-21.8720689],[-48.3071627,-21.8718771],[-48.3070459,-21.8718355],[-48.3068753,-21.871873],[-48.3063408,-21.8722564],[-48.3060713,-21.8723857],[-48.3058453,-21.8724424],[-48.3055413,-21.8724398],[-48.3053167,-21.8723273],[-48.3052404,-21.8721522],[-48.3052269,-21.8718521],[-48.3054335,-21.8714353],[-48.3054964,-21.8709643],[-48.3054155,-21.8706517],[-48.3052089,-21.8703599],[-48.3050578,-21.8702303],[-48.3046879,-21.8700807],[-48.3037941,-21.8699556],[-48.3035218,-21.8699391],[-48.3028924,-21.8696932],[-48.3027799,-21.8696926],[-48.3026201,-21.8697421],[-48.3024906,-21.869825],[-48.3024045,-21.8699541],[-48.3022401,-21.8702057],[-48.3020829,-21.8703599],[-48.3018976,-21.8703823],[-48.301692,-21.870369],[-48.3015508,-21.8702778],[-48.301483,-21.8701248],[-48.3014751,-21.8699423],[-48.3015206,-21.8698041],[-48.3016343,-21.8695871],[-48.3016719,-21.869453],[-48.3016197,-21.8693368],[-48.3014468,-21.8692621],[-48.3012215,-21.8692258],[-48.3010427,-21.8692163],[-48.3008521,-21.8691872],[-48.3005443,-21.8690487],[-48.3003537,-21.8689928],[-48.3001426,-21.8689803],[-48.2999822,-21.8690642],[-48.2997175,-21.869258],[-48.2995349,-21.8692983],[-48.2994044,-21.8693089],[-48.2992503,-21.8692351],[-48.2991337,-21.8690815],[-48.2990274,-21.8688794],[-48.2989354,-21.8686593],[-48.2988482,-21.8685867],[-48.2987682,-21.8685259],[-48.298602,-21.8685801],[-48.2984089,-21.8687718],[-48.298346,-21.8689427],[-48.2980855,-21.8691678],[-48.297761,-21.8692915],[-48.2974762,-21.8693332],[-48.2973517,-21.8692811],[-48.2973194,-21.8692081],[-48.2972737,-21.869031],[-48.2973109,-21.8688806],[-48.297487,-21.8687985],[-48.2977298,-21.8686862],[-48.2978041,-21.8685873],[-48.2978663,-21.8684005],[-48.29788,-21.8681986],[-48.2978624,-21.8680618],[-48.2978295,-21.8679174],[-48.297569,-21.8676839],[-48.2973553,-21.8675334],[-48.2971794,-21.8674542],[-48.2970092,-21.8674281],[-48.2967345,-21.8674198],[-48.2965459,-21.8673988],[-48.2964595,-21.8673043],[-48.2964663,-21.867198],[-48.2965968,-21.8671453],[-48.2968052,-21.8671091],[-48.2969039,-21.8670538],[-48.2970343,-21.8669201],[-48.2970942,-21.8666215],[-48.2971661,-21.866398],[-48.2973158,-21.8661645],[-48.2973744,-21.8660397],[-48.2974229,-21.8658128],[-48.2974098,-21.8657409],[-48.2973543,-21.8657044],[-48.2972676,-21.8657098],[-48.2972129,-21.8657503],[-48.2971817,-21.8657927],[-48.2971656,-21.8658965],[-48.297071,-21.8659699],[-48.2969357,-21.8659833],[-48.2965988,-21.8660041],[-48.2957072,-21.8659777],[-48.2954391,-21.865882],[-48.2952252,-21.8657016],[-48.2949875,-21.8654889],[-48.2948264,-21.865455],[-48.2946887,-21.8654585],[-48.2945811,-21.8655034],[-48.2945262,-21.8656146],[-48.2945656,-21.8657929],[-48.2946276,-21.8659588],[-48.2947505,-21.8661601],[-48.2949011,-21.8664001],[-48.2949325,-21.8666085],[-48.2948831,-21.8667753],[-48.2947484,-21.8668378],[-48.2945957,-21.8667919],[-48.2944564,-21.8666294],[-48.2943082,-21.8663584],[-48.2940522,-21.866225],[-48.2935896,-21.8661458],[-48.2934459,-21.8662125],[-48.2932437,-21.8664918],[-48.293127,-21.8667461],[-48.2931325,-21.8669434],[-48.2932572,-21.8671671],[-48.293392,-21.867313],[-48.293648,-21.8673421],[-48.2938186,-21.8673046],[-48.2939444,-21.8673296],[-48.2940476,-21.8674076],[-48.2940702,-21.8675297],[-48.2938276,-21.8676881],[-48.2934414,-21.8680466],[-48.2932033,-21.868355],[-48.2929114,-21.8685384],[-48.2927856,-21.8685426],[-48.2926599,-21.8684342],[-48.2923724,-21.867909],[-48.2921972,-21.8677673],[-48.2919951,-21.8677131],[-48.291811,-21.8677715],[-48.2916223,-21.8678798],[-48.2914786,-21.8680299],[-48.2914606,-21.8681508],[-48.2916897,-21.8684967],[-48.2920355,-21.8688552],[-48.292332,-21.8691512],[-48.2924322,-21.86942],[-48.2924488,-21.869743],[-48.2922511,-21.8702516],[-48.2921703,-21.8704225],[-48.2920535,-21.870485],[-48.2918379,-21.87046],[-48.2917346,-21.8703849],[-48.291775,-21.8702599],[-48.2918604,-21.8700348],[-48.2919412,-21.8698389],[-48.2919143,-21.869618],[-48.2917512,-21.8695089],[-48.2914651,-21.869518],[-48.2912091,-21.8695596],[-48.2909217,-21.8695013],[-48.2906252,-21.8694013],[-48.2904423,-21.8694398],[-48.2903378,-21.8694971],[-48.2903108,-21.8696764],[-48.2903468,-21.8698556],[-48.2905354,-21.8699765],[-48.2907465,-21.870139],[-48.2907914,-21.8702682],[-48.290769,-21.8703683],[-48.2905848,-21.8704975],[-48.2903378,-21.8705642],[-48.2899425,-21.8706017],[-48.28941,-21.8707198],[-48.2887564,-21.8707738],[-48.2880834,-21.8708097],[-48.28773,-21.8708591],[-48.2872943,-21.8709804],[-48.2869263,-21.8709759],[-48.2867278,-21.8708367],[-48.2866455,-21.870612],[-48.2866455,-21.8703739],[-48.2866213,-21.8701807],[-48.2865051,-21.8700594],[-48.2863744,-21.8700459],[-48.2862195,-21.8701357],[-48.2861662,-21.8702616],[-48.2860839,-21.8704413],[-48.285958,-21.8705761],[-48.2857654,-21.8706072],[-48.2855175,-21.8704817],[-48.2851253,-21.8702391],[-48.2848542,-21.8700099],[-48.2847138,-21.8697898],[-48.2846944,-21.8695786],[-48.2847525,-21.8694393],[-48.2845112,-21.8691232],[-48.2843774,-21.8689146],[-48.2842948,-21.8688191],[-48.284207,-21.8687047],[-48.2840437,-21.8685975],[-48.2839662,-21.8685554],[-48.2837642,-21.8685395],[-48.2836512,-21.8684219],[-48.2835108,-21.8682123],[-48.2833397,-21.8680375],[-48.2831035,-21.8678628],[-48.2824427,-21.8675641],[-48.2821107,-21.8674498],[-48.2818231,-21.8673417],[-48.2815116,-21.8671321],[-48.281224,-21.8669541],[-48.2808885,-21.8668271],[-48.2804503,-21.866754],[-48.2799711,-21.866719],[-48.2797554,-21.866754],[-48.2796356,-21.8667],[-48.2795774,-21.8665919],[-48.2795363,-21.8663664],[-48.2793411,-21.8661885],[-48.2790586,-21.866081],[-48.2789917,-21.8661819],[-48.2788858,-21.8663909],[-48.2788046,-21.8665068],[-48.278704,-21.8666252],[-48.2785197,-21.8667038],[-48.2783244,-21.8666873],[-48.2781019,-21.8666936],[-48.27765,-21.8667349],[-48.2773487,-21.8667572],[-48.2769653,-21.8668842],[-48.2766572,-21.8670209],[-48.2764233,-21.867265],[-48.2764655,-21.8674371],[-48.2765477,-21.8676372],[-48.2765682,-21.8678374],[-48.2765442,-21.8681169],[-48.2764655,-21.8683584],[-48.2764073,-21.8685427],[-48.2763868,-21.8687142],[-48.2763217,-21.8688477],[-48.276154,-21.8690129],[-48.2759314,-21.8692289],[-48.2758116,-21.8693973],[-48.2757637,-21.8695784],[-48.2757089,-21.8697214],[-48.2756199,-21.8698738],[-48.2755035,-21.8699533],[-48.2753221,-21.8699723],[-48.2751064,-21.8699406],[-48.2749729,-21.8698484],[-48.2747915,-21.8697309],[-48.2745929,-21.8695212],[-48.274456,-21.8692861],[-48.2743156,-21.8691622],[-48.2741513,-21.8690923],[-48.2739493,-21.8691114],[-48.2738089,-21.8692321],[-48.2736309,-21.8694799],[-48.2734495,-21.8698103],[-48.2733434,-21.8699978],[-48.2732407,-21.8701725],[-48.2731345,-21.8702456],[-48.2729428,-21.8702456],[-48.272799,-21.8701693],[-48.2726005,-21.8700359],[-48.2724362,-21.869858],[-48.2722308,-21.8696356],[-48.2720288,-21.8692988],[-48.2719261,-21.8690732],[-48.2718884,-21.8688699],[-48.2718199,-21.8686793],[-48.2717001,-21.8685236],[-48.2715392,-21.8684092],[-48.2712859,-21.8683489],[-48.2710154,-21.8683489],[-48.270745,-21.8684061],[-48.2705773,-21.8685363],[-48.2704403,-21.8686761],[-48.2702248,-21.8687394],[-48.270081,-21.868667],[-48.2699782,-21.8685487],[-48.2699536,-21.8683694],[-48.2699988,-21.8681825],[-48.2699947,-21.8680338],[-48.2699207,-21.8678698],[-48.2697212,-21.8676725],[-48.2694992,-21.8675542],[-48.269438,-21.8675356],[-48.2692855,-21.8674894],[-48.2690266,-21.867436],[-48.268854,-21.8674093],[-48.2687553,-21.8674474],[-48.268706,-21.867497],[-48.2687224,-21.8676],[-48.268743,-21.8677182],[-48.268743,-21.8678861],[-48.2687183,-21.8680425],[-48.2686608,-21.8681798],[-48.2685622,-21.8682713],[-48.2683238,-21.86834],[-48.2681511,-21.8683056],[-48.2680278,-21.8681988],[-48.2679456,-21.8680653],[-48.2678552,-21.8679662],[-48.2677196,-21.8679318],[-48.2676209,-21.8679738],[-48.2675552,-21.868073],[-48.2675634,-21.8682408],[-48.2676251,-21.8683896],[-48.2676744,-21.868546],[-48.2677155,-21.8687672],[-48.2677525,-21.8689388],[-48.2677278,-21.8690876],[-48.2676333,-21.8691753],[-48.2675264,-21.8691601],[-48.2674606,-21.8690723],[-48.2674648,-21.8688892],[-48.2674935,-21.8687596],[-48.2674442,-21.8686184],[-48.2673086,-21.8685192],[-48.2671442,-21.8684964],[-48.2669387,-21.8685269],[-48.2668359,-21.8686146],[-48.2667044,-21.8687557],[-48.2666797,-21.8688892],[-48.2667208,-21.8690609],[-48.266803,-21.8691906],[-48.2668935,-21.8693317],[-48.2669551,-21.8694309],[-48.2669715,-21.8695529],[-48.2669304,-21.8696597],[-48.266803,-21.8696788],[-48.2666797,-21.8695873],[-48.2666263,-21.8694499],[-48.266577,-21.8692821],[-48.2664537,-21.8692135],[-48.2663098,-21.8691868],[-48.2661865,-21.869202],[-48.2660879,-21.869263],[-48.2659851,-21.8693889],[-48.2658331,-21.8695148],[-48.2656563,-21.8696025],[-48.2654714,-21.8696445],[-48.2652782,-21.8696559],[-48.2650932,-21.8696788],[-48.2649535,-21.8697017],[-48.264896,-21.8697932],[-48.264896,-21.8698848],[-48.2649453,-21.8699572],[-48.2650439,-21.8700488],[-48.2652207,-21.8701403],[-48.2653316,-21.8702281],[-48.2653892,-21.8703539],[-48.2654426,-21.8705828],[-48.2654714,-21.8707888],[-48.2655166,-21.8709413],[-48.2655823,-21.8710786],[-48.2656481,-21.8712198],[-48.2656892,-21.8713609],[-48.2656769,-21.8714524],[-48.2655988,-21.8715325],[-48.2654796,-21.8715783],[-48.2653645,-21.8715554],[-48.2652412,-21.8714715],[-48.2652083,-21.8713685],[-48.2652083,-21.8712236],[-48.2652124,-21.8710786],[-48.2652042,-21.8709146],[-48.2651508,-21.870804],[-48.2650439,-21.8706781],[-48.2648549,-21.870598],[-48.2646781,-21.8705485],[-48.2645096,-21.870537],[-48.2643082,-21.870537],[-48.2641315,-21.870579],[-48.263963,-21.8706133],[-48.2638356,-21.8706438],[-48.2637246,-21.8707392],[-48.2636835,-21.8708498],[-48.2636958,-21.8709757],[-48.2637492,-21.871071],[-48.2638273,-21.8711549],[-48.2639219,-21.8712465],[-48.2639671,-21.8713533],[-48.263963,-21.8714906],[-48.2639013,-21.8716012],[-48.2637739,-21.8716851],[-48.2636301,-21.8717347],[-48.2634328,-21.8717423],[-48.2632725,-21.8717194],[-48.2631122,-21.8716584],[-48.2629437,-21.8716126],[-48.2627341,-21.871605],[-48.2624669,-21.8716889],[-48.2622819,-21.871708],[-48.2621381,-21.871708],[-48.2620847,-21.871769],[-48.2621258,-21.8718796],[-48.2622162,-21.8719902],[-48.2623518,-21.8721466],[-48.2624094,-21.8722839],[-48.2624135,-21.8724251],[-48.2623683,-21.8725319],[-48.2622655,-21.8726577],[-48.2621299,-21.8727798],[-48.2620353,-21.8729095],[-48.2619737,-21.8730735],[-48.2618919,-21.8735104],[-48.2618245,-21.8737609],[-48.2617258,-21.873944],[-48.2617299,-21.874066],[-48.2617751,-21.874211],[-48.2617834,-21.8743673],[-48.2618162,-21.8744818],[-48.2618984,-21.8745733],[-48.2620628,-21.8746114],[-48.2622642,-21.8746229],[-48.2625026,-21.8745847],[-48.262667,-21.8745809],[-48.262815,-21.8746343],[-48.2629013,-21.8747373],[-48.2629177,-21.8748365],[-48.2629054,-21.8749547],[-48.2628397,-21.875031],[-48.2627205,-21.875073],[-48.2625273,-21.8750806],[-48.2624122,-21.8751035],[-48.26233,-21.8751874],[-48.2622601,-21.8753132],[-48.2622766,-21.8753857],[-48.2623423,-21.8754963],[-48.2624533,-21.8755993],[-48.2626177,-21.875668],[-48.2628232,-21.875687],[-48.2629876,-21.8756947],[-48.2631644,-21.8757328],[-48.2632753,-21.8758129],[-48.2632959,-21.8759159],[-48.2632794,-21.8760341],[-48.2631767,-21.8761104],[-48.2629794,-21.8761981],[-48.2627287,-21.8762859],[-48.2625437,-21.876324],[-48.2623177,-21.8763736],[-48.2621656,-21.8764308],[-48.2620423,-21.8765376],[-48.2619848,-21.8766634],[-48.26203,-21.876816],[-48.2620957,-21.8769915],[-48.2621081,-21.8771631],[-48.2620587,-21.8773347],[-48.2619642,-21.8774759],[-48.2619313,-21.8776666],[-48.2619478,-21.8779679],[-48.2619971,-21.8783569],[-48.2619889,-21.8785896],[-48.2619354,-21.8788184],[-48.2618532,-21.8789557],[-48.2617875,-21.879135],[-48.2617382,-21.8793104],[-48.2616518,-21.8794058],[-48.2615737,-21.8794134],[-48.2614792,-21.8793638],[-48.2614258,-21.8792379],[-48.2614217,-21.8791197],[-48.2613313,-21.8790167],[-48.261208,-21.8790053],[-48.2610929,-21.8790549],[-48.2610066,-21.8791502],[-48.2609449,-21.8792952],[-48.2608504,-21.8796842],[-48.2608011,-21.8798825],[-48.2606531,-21.8800618],[-48.260538,-21.8802715],[-48.2604311,-21.8805881],[-48.2603202,-21.8807597],[-48.2601681,-21.8808513],[-48.2599955,-21.8808742],[-48.2597776,-21.8809047],[-48.2596461,-21.880939],[-48.2595228,-21.8810382],[-48.2593666,-21.8812212],[-48.2593173,-21.8813852],[-48.2592968,-21.8816217],[-48.2592639,-21.8817971],[-48.2591858,-21.8819116],[-48.2590502,-21.8819573],[-48.2588981,-21.8819077],[-48.2587583,-21.8818086],[-48.2586309,-21.8817552],[-48.2584706,-21.8817781],[-48.2583761,-21.8818772],[-48.2584049,-21.8819688],[-48.2585158,-21.8820908],[-48.2587049,-21.8822014],[-48.2587994,-21.8822968],[-48.2588282,-21.8823959],[-48.2587748,-21.8824608],[-48.2586309,-21.8824837],[-48.258307,-21.8825378],[-48.2580925,-21.8826133],[-48.2579733,-21.8827049],[-48.2578377,-21.8828078],[-48.2577719,-21.882907],[-48.2577637,-21.8830062],[-48.2578377,-21.8831244],[-48.2579528,-21.8831702],[-48.2580843,-21.8831587],[-48.258261,-21.8831244],[-48.2584295,-21.883132],[-48.2586433,-21.883174],[-48.2587789,-21.8832274],[-48.2588159,-21.8833227],[-48.2588036,-21.8834448],[-48.2586885,-21.8834982],[-48.2585158,-21.883502],[-48.2583514,-21.8835439],[-48.2582405,-21.8836316],[-48.2581788,-21.8837461],[-48.2581706,-21.8838605],[-48.2582446,-21.8840092],[-48.2583556,-21.884116],[-48.2585117,-21.8841999],[-48.2585939,-21.8843029],[-48.2585734,-21.8844516],[-48.2584419,-21.8844974],[-48.2582323,-21.8845508],[-48.2581131,-21.8845546],[-48.2579404,-21.884608],[-48.2577884,-21.8846805],[-48.2577308,-21.8847911],[-48.2577226,-21.8849207],[-48.2577966,-21.8850847],[-48.257887,-21.8851953],[-48.2580021,-21.8852297],[-48.2581254,-21.8851915],[-48.2582569,-21.8851153],[-48.2583843,-21.8850542],[-48.25852,-21.8850504],[-48.2587337,-21.8851725],[-48.2588858,-21.885306],[-48.2590132,-21.8854623],[-48.2590913,-21.8856416],[-48.2590789,-21.8858475],[-48.2589597,-21.8861641],[-48.2588693,-21.8863357],[-48.2587378,-21.8865378],[-48.2586227,-21.8868086],[-48.2585816,-21.8870069],[-48.2584789,-21.88719],[-48.2582939,-21.8873006],[-48.2580555,-21.887457],[-48.2578377,-21.8876057],[-48.257739,-21.8877163],[-48.2576322,-21.8878498],[-48.2575993,-21.88801],[-48.2576116,-21.8882312],[-48.2577103,-21.8884371],[-48.2578788,-21.8885401],[-48.2580925,-21.8885439],[-48.2582692,-21.8884905],[-48.2584501,-21.8882846],[-48.2586392,-21.888029],[-48.2587666,-21.8878307],[-48.2589145,-21.8877697],[-48.2590584,-21.887804],[-48.259083,-21.8879261],[-48.2590255,-21.8881091],[-48.2587871,-21.8884714],[-48.2587049,-21.8886774],[-48.2586967,-21.888952],[-48.258746,-21.889196],[-48.2587296,-21.8894287],[-48.258672,-21.8896079],[-48.2585816,-21.8897796],[-48.2583843,-21.8900274],[-48.2581254,-21.8902334],[-48.2579487,-21.8902601],[-48.2577801,-21.89018],[-48.2576856,-21.8900503],[-48.2576363,-21.8898863],[-48.2579569,-21.8897719],[-48.258109,-21.8897147],[-48.2581953,-21.8895431],[-48.2582199,-21.88936],[-48.2581377,-21.8891541],[-48.2579733,-21.8889977],[-48.2578171,-21.8888414],[-48.257624,-21.8886888],[-48.2574143,-21.8885897],[-48.2572047,-21.8885363],[-48.2569417,-21.8885325],[-48.2568102,-21.8886659],[-48.2568019,-21.8888871],[-48.2566992,-21.8892533],[-48.2566006,-21.8894363],[-48.2564608,-21.8895774],[-48.2561443,-21.8897872],[-48.255795,-21.8900961],[-48.2556224,-21.8902753],[-48.2554497,-21.8903821],[-48.2551867,-21.8904355],[-48.2548702,-21.8904126],[-48.2546359,-21.8903325],[-48.2544304,-21.8902334],[-48.2542331,-21.8900808],[-48.2539907,-21.8900008],[-48.2537482,-21.8900503],[-48.2535673,-21.8901533],[-48.2534235,-21.8903707],[-48.2533905,-21.8906216],[-48.2534646,-21.8907559],[-48.2536413,-21.890836],[-48.2538673,-21.8908894],[-48.254114,-21.8908817],[-48.2543647,-21.8908321],[-48.2546154,-21.890836],[-48.2548393,-21.8909213],[-48.254958,-21.8910067],[-48.2550321,-21.8911361],[-48.2550351,-21.891315],[-48.2548749,-21.8915078],[-48.2547117,-21.8916978],[-48.2546398,-21.8919137],[-48.254644,-21.8920812],[-48.2547909,-21.8922603],[-48.2548454,-21.8924355],[-48.2548776,-21.8926024],[-48.2548419,-21.8927164],[-48.2547594,-21.892771],[-48.2546434,-21.8927637],[-48.2545752,-21.8926087],[-48.2544862,-21.8923774],[-48.2543675,-21.8922067],[-48.254148,-21.8921241],[-48.2539462,-21.8921351],[-48.2537563,-21.8922067],[-48.2536138,-21.8923884],[-48.2534951,-21.8926693],[-48.2533646,-21.8929226],[-48.2531509,-21.8930603],[-48.2528008,-21.8931869],[-48.2524625,-21.8931539],[-48.2521717,-21.8932034],[-48.2519877,-21.8933136],[-48.2516317,-21.8935393],[-48.2514239,-21.8937266],[-48.2511213,-21.8938587],[-48.2507771,-21.8938973],[-48.2504032,-21.8938367],[-48.2502845,-21.8937321],[-48.2499462,-21.8936495],[-48.2494121,-21.8935889],[-48.2488008,-21.893644],[-48.2484982,-21.8935448],[-48.2482548,-21.8933466],[-48.2480709,-21.893264],[-48.2477326,-21.8933136],[-48.2474062,-21.8933796],[-48.2471035,-21.8933356],[-48.2468839,-21.8931759],[-48.2465694,-21.8929556],[-48.2463083,-21.8928345],[-48.2460471,-21.892851],[-48.2458988,-21.8929611],[-48.2458572,-21.8931484],[-48.2459166,-21.8933631],[-48.2460946,-21.8936054],[-48.2462074,-21.8938037],[-48.2462786,-21.8940459],[-48.2462549,-21.8943158],[-48.2460887,-21.8945085],[-48.2458988,-21.8946021],[-48.2457742,-21.8945526],[-48.2457445,-21.8943598],[-48.2457207,-21.8940515],[-48.2456911,-21.8937431],[-48.2455664,-21.8934237],[-48.2453825,-21.8932255],[-48.2451748,-21.8931869],[-48.2449789,-21.893264],[-48.2448958,-21.8934788],[-48.2450086,-21.8937156],[-48.2451154,-21.8940019],[-48.2451332,-21.8942772],[-48.2450205,-21.8947563],[-48.2449433,-21.8951803],[-48.2449374,-21.8954501],[-48.2449611,-21.8960559],[-48.2449077,-21.8963917],[-48.2447356,-21.8967276],[-48.244611,-21.8967827],[-48.2444626,-21.8966891],[-48.2442371,-21.896612],[-48.2440294,-21.8967056],[-48.243881,-21.8968763],[-48.2438335,-21.8970746],[-48.243697,-21.8971572],[-48.2435368,-21.8971296],[-48.2434596,-21.8969865],[-48.2434596,-21.8967717],[-48.2435071,-21.8965569],[-48.2434181,-21.8963917],[-48.2432519,-21.8963532],[-48.2430501,-21.8964468],[-48.2428602,-21.896623],[-48.2426822,-21.8968983],[-48.2426407,-21.8971351],[-48.2427415,-21.8972783],[-48.242878,-21.8974105],[-48.2428958,-21.8975646],[-48.2427653,-21.8977133],[-48.2425398,-21.8977078],[-48.2422312,-21.8978014],[-48.2421184,-21.8980822],[-48.2421777,-21.8986274],[-48.2421421,-21.8987761],[-48.2419404,-21.898765],[-48.241697,-21.8987926],[-48.2415783,-21.8989357],[-48.2416318,-21.8991725],[-48.2418335,-21.8994038],[-48.2419344,-21.8996075],[-48.2420294,-21.8998443],[-48.2420294,-21.9000866],[-48.2418513,-21.9001912],[-48.2415605,-21.9002132],[-48.2412876,-21.9002463],[-48.2411511,-21.900439],[-48.2411392,-21.9007363],[-48.2411095,-21.9009896],[-48.2410027,-21.9013255],[-48.2408306,-21.9014522],[-48.2406525,-21.9014632],[-48.2405398,-21.9013641],[-48.2406466,-21.9009015],[-48.240611,-21.9007363],[-48.2404508,-21.9007308],[-48.2403617,-21.9008465],[-48.2402905,-21.9010557],[-48.240154,-21.9013696],[-48.2399463,-21.9015237],[-48.2397861,-21.9016669],[-48.2397327,-21.9018817],[-48.2398632,-21.9020689],[-48.2400413,-21.902223],[-48.2402668,-21.9024048],[-48.2403499,-21.9025589],[-48.240338,-21.9027461],[-48.2401896,-21.9028728],[-48.2400294,-21.9029389],[-48.2398217,-21.9029058],[-48.2397208,-21.9027792],[-48.2396793,-21.9026195],[-48.2395606,-21.9024929],[-48.2394003,-21.9024488],[-48.2392104,-21.9025039],[-48.2391273,-21.902636],[-48.2391807,-21.9028728],[-48.2391867,-21.9030985],[-48.239068,-21.9032417],[-48.2388662,-21.9032968],[-48.2387,-21.9034675],[-48.2386882,-21.9036712],[-48.2387416,-21.9039355],[-48.2389078,-21.9040787],[-48.2391036,-21.9040897],[-48.2393172,-21.9039465],[-48.2394419,-21.9036987],[-48.2396318,-21.9035335],[-48.2398988,-21.9033849],[-48.2401006,-21.9033353],[-48.2403024,-21.9033628],[-48.2404033,-21.903517],[-48.2401718,-21.9038749],[-48.239798,-21.9044366],[-48.2394834,-21.9048991],[-48.2392935,-21.9051359],[-48.2391689,-21.9054057],[-48.2389849,-21.9056039],[-48.2387475,-21.9056975],[-48.2384983,-21.9057195],[-48.2382905,-21.9057525],[-48.2381125,-21.9058572],[-48.2380532,-21.9059948],[-48.2381244,-21.9060884],[-48.2382371,-21.9061159],[-48.238433,-21.9060444],[-48.2386407,-21.9060334],[-48.2387178,-21.906127],[-48.2386644,-21.9062866],[-48.2385042,-21.9064628],[-48.2383618,-21.906595],[-48.2381125,-21.9067051],[-48.2378692,-21.9067877],[-48.2377149,-21.9069088],[-48.2376437,-21.907074],[-48.2376437,-21.9072282],[-48.237792,-21.9073218],[-48.2380413,-21.9073548],[-48.2383478,-21.9074117],[-48.2385021,-21.9074998],[-48.2385436,-21.9076209],[-48.2385199,-21.9077751],[-48.23833,-21.9078852],[-48.237968,-21.9080009],[-48.2377128,-21.9080504],[-48.2372855,-21.9079953],[-48.2371371,-21.9080889],[-48.2370481,-21.9082872],[-48.2370837,-21.9084358],[-48.2372202,-21.9085129],[-48.2374754,-21.908557],[-48.2377009,-21.9084413],[-48.2379205,-21.9082982],[-48.2380867,-21.9082817],[-48.2382172,-21.9083753],[-48.238235,-21.9085625],[-48.2381223,-21.9086891],[-48.2378671,-21.9087717],[-48.2376534,-21.9089424],[-48.2376,-21.9092177],[-48.2376772,-21.9094214],[-48.2378493,-21.909493],[-48.2380926,-21.9095536],[-48.2382291,-21.9096582],[-48.238235,-21.9098123],[-48.238057,-21.9101757],[-48.2377187,-21.9105777],[-48.2374754,-21.9107704],[-48.2373982,-21.9109961],[-48.2373211,-21.911354],[-48.2371431,-21.9114862],[-48.2369472,-21.9114696],[-48.236781,-21.911365],[-48.236781,-21.9111668],[-48.2368463,-21.910919],[-48.2367929,-21.9106162],[-48.2366564,-21.910005],[-48.2365021,-21.9098564],[-48.2362291,-21.9098178],[-48.2359917,-21.909928],[-48.2358671,-21.9100491],[-48.2357425,-21.9102363],[-48.2357069,-21.9104345],[-48.2356297,-21.9105887],[-48.2354279,-21.9107759],[-48.2353923,-21.9109741],[-48.2354042,-21.9112109],[-48.2355407,-21.9113815],[-48.2357484,-21.9115632],[-48.2358849,-21.9117284],[-48.2360155,-21.9119762],[-48.2360333,-21.9121689],[-48.2359858,-21.9123506],[-48.2357603,-21.9125763],[-48.2355229,-21.9129452],[-48.235422,-21.9132646],[-48.2351727,-21.9136114],[-48.2349354,-21.9138977],[-48.2346208,-21.9141345],[-48.2341342,-21.9144318],[-48.2337306,-21.9147126],[-48.2334102,-21.9149053],[-48.232971,-21.9150374],[-48.2326446,-21.9151861],[-48.2323657,-21.9153348],[-48.2321876,-21.9154504],[-48.2320036,-21.9156871],[-48.232063,-21.9159734],[-48.2323004,-21.9162652],[-48.2325318,-21.9164965],[-48.2327336,-21.9168488],[-48.2328701,-21.9171737],[-48.2330765,-21.9176326],[-48.2331774,-21.9178913],[-48.2332308,-21.9181281],[-48.2331596,-21.9182547],[-48.2330765,-21.9182162],[-48.2329281,-21.918029],[-48.2327442,-21.9178198],[-48.2326611,-21.9176106],[-48.2326195,-21.9173408],[-48.2325602,-21.9171095],[-48.2324356,-21.9170159],[-48.2322635,-21.917038],[-48.2321507,-21.9171646],[-48.232127,-21.9173573],[-48.2321982,-21.917605],[-48.2322397,-21.9178143],[-48.2322397,-21.918051],[-48.2320795,-21.9182492],[-48.231854,-21.9183703],[-48.2317056,-21.91853],[-48.2315674,-21.9187073],[-48.231517,-21.9189603],[-48.2314415,-21.9192251],[-48.2312622,-21.9194821],[-48.2310426,-21.9196362],[-48.2307934,-21.9197794],[-48.2306094,-21.9199115],[-48.2304135,-21.9200987],[-48.2303305,-21.9203189],[-48.2303008,-21.92044],[-48.230461,-21.9205391],[-48.2306687,-21.9205612],[-48.230823,-21.9207594],[-48.2308527,-21.9209906],[-48.2306569,-21.9212659],[-48.2305738,-21.9214861],[-48.2306747,-21.9217008],[-48.2308408,-21.921855],[-48.2309061,-21.9220367],[-48.2309061,-21.9222459],[-48.2308349,-21.9224551],[-48.23055,-21.9227138],[-48.2300219,-21.9227359],[-48.2298676,-21.9228405],[-48.2297963,-21.9230221],[-48.2298794,-21.9231488],[-48.2302533,-21.9232258],[-48.2303779,-21.9233855],[-48.230372,-21.9236608],[-48.2301405,-21.9240627],[-48.2299447,-21.9243435],[-48.2298735,-21.9246352],[-48.229826,-21.924861],[-48.2297192,-21.9251473],[-48.2295946,-21.9253234],[-48.2293453,-21.9255161],[-48.2292041,-21.9255727],[-48.2290842,-21.9256207],[-48.2288052,-21.9256923],[-48.2285738,-21.9257033],[-48.2284373,-21.9256097],[-48.2284136,-21.925428],[-48.2285323,-21.9252959],[-48.2287578,-21.9252078],[-48.2289061,-21.9250702],[-48.2289061,-21.9248885],[-48.2287756,-21.9248059],[-48.2285679,-21.9247233],[-48.2284254,-21.9246573],[-48.2283245,-21.9245086],[-48.2281702,-21.924426],[-48.2280634,-21.9245196],[-48.2280872,-21.9246683],[-48.2281762,-21.9247784],[-48.2281762,-21.9249876],[-48.2280694,-21.9250867],[-48.2278498,-21.9251307],[-48.2276955,-21.9252243],[-48.2275886,-21.9254501],[-48.2274996,-21.9257363],[-48.2273631,-21.9259731],[-48.2272148,-21.9260611],[-48.2269833,-21.9260942],[-48.2267815,-21.9260391],[-48.2266806,-21.925874],[-48.2266866,-21.9256372],[-48.2267993,-21.925384],[-48.2268171,-21.9251913],[-48.2267934,-21.9250316],[-48.2265857,-21.9248224],[-48.2261643,-21.9246518],[-48.2259507,-21.9245086],[-48.2257074,-21.9243269],[-48.2256183,-21.9241618],[-48.2254462,-21.9235947],[-48.2253157,-21.9233635],[-48.2251554,-21.9232148],[-48.2249359,-21.9232369],[-48.2246688,-21.9232258],[-48.2243839,-21.9231763],[-48.2241465,-21.9230717],[-48.2240635,-21.9229341],[-48.2239863,-21.9228295],[-48.2237667,-21.9227909],[-48.2234522,-21.9228515],[-48.2232801,-21.922868],[-48.223102,-21.9228515],[-48.223019,-21.9227744],[-48.2230368,-21.9226202],[-48.2231495,-21.9224441],[-48.2232979,-21.9222844],[-48.2233869,-21.9220917],[-48.2233928,-21.9218605],[-48.2232623,-21.9216127],[-48.2230427,-21.9214531],[-48.2228172,-21.921431],[-48.2225976,-21.9214421],[-48.2225501,-21.9215577],[-48.2226035,-21.9217449],[-48.2226273,-21.9219376],[-48.2225739,-21.9221137],[-48.222562,-21.9222844],[-48.2225739,-21.9224276],[-48.2225679,-21.9226147],[-48.222467,-21.9227304],[-48.2223127,-21.9227524],[-48.2220457,-21.9227138],[-48.2218736,-21.9227689],[-48.2217549,-21.9228955],[-48.2216659,-21.9229561],[-48.2215472,-21.9229451],[-48.2214641,-21.922846],[-48.2214201,-21.9226782],[-48.2213174,-21.9225222],[-48.2211684,-21.9224649],[-48.2209767,-21.9224872],[-48.2207018,-21.9226278],[-48.220492,-21.9228107],[-48.2202528,-21.923239],[-48.2200766,-21.9234102],[-48.2199255,-21.9235387],[-48.2198332,-21.9236594],[-48.2197828,-21.923784],[-48.2197199,-21.9238852],[-48.2196066,-21.9239046],[-48.2195226,-21.9238229],[-48.2194639,-21.9236711],[-48.2193338,-21.9235699],[-48.2191785,-21.9235621],[-48.219082,-21.9236633],[-48.2190023,-21.9238424],[-48.2189897,-21.9240098],[-48.2188806,-21.9241227],[-48.2187337,-21.9242044],[-48.2184777,-21.9242784],[-48.2182301,-21.9242862],[-48.2180035,-21.9242161],[-48.2177685,-21.9241927],[-48.2172146,-21.9242628],[-48.2169083,-21.9243251],[-48.2166187,-21.924438],[-48.2164089,-21.9244341],[-48.2160816,-21.9244652],[-48.2158592,-21.9244652],[-48.2157081,-21.9245859],[-48.2155067,-21.9248],[-48.2153136,-21.9249051],[-48.2150954,-21.9249285],[-48.2148688,-21.9248545],[-48.2147219,-21.9248701],[-48.2146254,-21.9249713],[-48.2146422,-21.9250842],[-48.2147765,-21.9251776],[-48.2149653,-21.9251776],[-48.2151164,-21.9252282],[-48.2152465,-21.9253567],[-48.2153472,-21.9255747],[-48.2154395,-21.9257149],[-48.2156032,-21.9258122],[-48.2156619,-21.9259406],[-48.21562,-21.9261548],[-48.2154773,-21.9263844],[-48.2152466,-21.926651],[-48.2151011,-21.926769],[-48.2148406,-21.9268702],[-48.2145497,-21.926932],[-48.2141922,-21.9269714],[-48.2138832,-21.9269601],[-48.2136408,-21.9268646],[-48.213453,-21.9268027],[-48.2133076,-21.926814],[-48.2132167,-21.9269039],[-48.213253,-21.9270388],[-48.2134348,-21.9271175],[-48.2135863,-21.9271962],[-48.2136711,-21.9273367],[-48.2136772,-21.9275728],[-48.2135984,-21.9277527],[-48.2134712,-21.9279326],[-48.2135015,-21.9281518],[-48.2136833,-21.9282811],[-48.2138166,-21.9283822],[-48.2138105,-21.9284947],[-48.2136893,-21.9285509],[-48.2134288,-21.9285396],[-48.2129016,-21.9285958],[-48.2126592,-21.9286352],[-48.2124896,-21.928815],[-48.2124411,-21.9289949],[-48.2125683,-21.9292141],[-48.2125502,-21.929394],[-48.2124047,-21.9295345],[-48.212223,-21.9296188],[-48.2119866,-21.9295683],[-48.2118473,-21.9294165],[-48.2116473,-21.9292816],[-48.2113868,-21.9292872],[-48.2112171,-21.929439],[-48.2111747,-21.9296132],[-48.2112535,-21.9298437],[-48.2114171,-21.9299336],[-48.2117261,-21.9300516],[-48.2118291,-21.9301697],[-48.211817,-21.9303046],[-48.2115988,-21.9304114],[-48.2112898,-21.9304114],[-48.2109808,-21.9303945],[-48.2107627,-21.9304282],[-48.2106233,-21.9306194],[-48.2105263,-21.9308442],[-48.2105385,-21.9310128],[-48.2104536,-21.931232],[-48.2103264,-21.9314231],[-48.2101749,-21.9315243],[-48.2100537,-21.9315356],[-48.2099568,-21.9314119],[-48.2099507,-21.9311702],[-48.2100052,-21.9308892],[-48.2099931,-21.9307318],[-48.2098295,-21.9306924],[-48.2096538,-21.9307599],[-48.2094841,-21.9309341],[-48.2092357,-21.9310353],[-48.2088843,-21.9311028],[-48.2086661,-21.9311983],[-48.2083692,-21.9313782],[-48.2081208,-21.9315075],[-48.2078966,-21.9315524],[-48.2077027,-21.9315299],[-48.2075451,-21.9314231],[-48.2073331,-21.9312714],[-48.2070543,-21.9310241],[-48.2067514,-21.9309454],[-48.2064363,-21.9309285],[-48.2062242,-21.9309116],[-48.2060303,-21.9307936],[-48.205994,-21.9306306],[-48.2061091,-21.9304957],[-48.2062848,-21.9303608],[-48.2063393,-21.9302034],[-48.2062666,-21.9300741],[-48.2060909,-21.9300235],[-48.2058061,-21.9300348],[-48.2056304,-21.9300348],[-48.2056304,-21.9299224],[-48.2057576,-21.92981],[-48.2058909,-21.9296357],[-48.2059031,-21.9294727],[-48.2058182,-21.9292647],[-48.205588,-21.9290905],[-48.2052547,-21.9289556],[-48.2051154,-21.9287813],[-48.2049093,-21.9286464],[-48.2045034,-21.9285396],[-48.2042125,-21.9285509],[-48.2040429,-21.9286801],[-48.2039338,-21.9289387],[-48.2039217,-21.9293097],[-48.2039398,-21.9296469],[-48.2039701,-21.9299505],[-48.2040307,-21.9302315],[-48.2041337,-21.9304788],[-48.2041883,-21.9306756],[-48.2041519,-21.9308273],[-48.2038914,-21.9309622],[-48.2033279,-21.9312377],[-48.2030067,-21.9314063],[-48.2027704,-21.9316311],[-48.2025462,-21.9318728],[-48.2023887,-21.9321201],[-48.2023038,-21.9323281],[-48.2023765,-21.9325192],[-48.2025826,-21.9326429],[-48.202734,-21.932744],[-48.2028613,-21.9328902],[-48.2029279,-21.9330869],[-48.2028855,-21.9332499],[-48.2026553,-21.9332836],[-48.202425,-21.9332499],[-48.202219,-21.9333117],[-48.2021463,-21.9334916],[-48.2022251,-21.9336827],[-48.2023402,-21.9338288],[-48.2025341,-21.933885],[-48.2027462,-21.9339525],[-48.2030431,-21.9340368],[-48.2032976,-21.934138],[-48.2034793,-21.9343459],[-48.2035642,-21.9345651],[-48.203552,-21.9347563],[-48.2034915,-21.9349024],[-48.2032915,-21.9349698],[-48.2030734,-21.9349642],[-48.2028795,-21.9349136],[-48.2026553,-21.9347225],[-48.2024008,-21.934537],[-48.2021948,-21.9344302],[-48.202013,-21.9344302],[-48.2018918,-21.9345258],[-48.2018554,-21.9346663],[-48.2019342,-21.9348125],[-48.2020554,-21.9350036],[-48.2020433,-21.9352902],[-48.2019766,-21.9354982],[-48.2019645,-21.9356893],[-48.2020312,-21.9358972],[-48.2021766,-21.9359703],[-48.2022796,-21.9361333],[-48.2023523,-21.936375],[-48.2023402,-21.9366954],[-48.2022614,-21.937027],[-48.2021948,-21.9371619],[-48.2020675,-21.9372012],[-48.2019827,-21.9371169],[-48.2019281,-21.9369371],[-48.2017948,-21.9368247],[-48.2015888,-21.9367403],[-48.2013767,-21.9368078],[-48.2013707,-21.9369877],[-48.2013949,-21.9371956],[-48.2015646,-21.9373811],[-48.2017342,-21.9376284],[-48.2018494,-21.9378982],[-48.2019342,-21.9382635],[-48.2019524,-21.9385558],[-48.2018494,-21.9387244],[-48.2017948,-21.9389099],[-48.2018009,-21.9390841],[-48.2017161,-21.9392246],[-48.2015403,-21.9392471],[-48.2011465,-21.9391516],[-48.2009889,-21.9392246],[-48.2009041,-21.9393539],[-48.2009465,-21.9394888],[-48.2011404,-21.9396911],[-48.2013101,-21.9397811],[-48.2013949,-21.9399497],[-48.2013828,-21.9401689],[-48.2012071,-21.94036],[-48.2010859,-21.940523],[-48.2010192,-21.9407928],[-48.2011162,-21.9410457],[-48.2012616,-21.9411637],[-48.2014373,-21.9411525],[-48.2016191,-21.9410176],[-48.2018918,-21.9409276],[-48.2022069,-21.9409276],[-48.2024917,-21.9410232],[-48.202625,-21.9411468],[-48.2026492,-21.9413211],[-48.2024977,-21.9414391],[-48.2022069,-21.9414054],[-48.2019645,-21.941366],[-48.2015282,-21.9414279],[-48.2013404,-21.9415909],[-48.2012556,-21.9418044],[-48.2011283,-21.9419674],[-48.2009162,-21.9421304],[-48.2006799,-21.942299],[-48.2004315,-21.9426025],[-48.2002618,-21.9427768],[-48.2000063,-21.9430225],[-48.1998498,-21.9430241],[-48.1997407,-21.9429004],[-48.1997468,-21.9427093],[-48.1998316,-21.9424789],[-48.1998195,-21.9422934],[-48.1996801,-21.9422203],[-48.1995165,-21.9422653],[-48.1993772,-21.9424058],[-48.1993166,-21.9425744],[-48.1993893,-21.9428105],[-48.1994256,-21.9430184],[-48.1993348,-21.9431814],[-48.1991166,-21.9431927],[-48.1988985,-21.9430915],[-48.1986561,-21.9430409],[-48.1984077,-21.9430746],[-48.1982925,-21.9432601],[-48.1983713,-21.9435692],[-48.1984259,-21.9437491],[-48.198438,-21.9439851],[-48.1983228,-21.9441144],[-48.1981289,-21.94412],[-48.1979472,-21.9439851],[-48.1978381,-21.9438783],[-48.19762,-21.9438446],[-48.1974745,-21.9439289],[-48.19742,-21.9440582],[-48.1974564,-21.9441537],[-48.1976442,-21.9442324],[-48.1978502,-21.9443336],[-48.1979532,-21.9444853],[-48.1978987,-21.9446708],[-48.1977048,-21.9447888],[-48.1974503,-21.9448226],[-48.1971352,-21.9449181],[-48.1968565,-21.945053],[-48.1964869,-21.9451598],[-48.1962808,-21.9452666],[-48.1962505,-21.9454352],[-48.1962505,-21.9456487],[-48.196402,-21.9458174],[-48.1966808,-21.9460309],[-48.1967474,-21.9462389],[-48.1967292,-21.9464918],[-48.1966141,-21.9466267],[-48.1963233,-21.9467278],[-48.1961294,-21.9466548],[-48.1959597,-21.9464805],[-48.1957234,-21.946385],[-48.1954992,-21.9464918],[-48.1953235,-21.9466997],[-48.1952168,-21.94704],[-48.1953538,-21.9472674],[-48.1955719,-21.9472337],[-48.1957234,-21.9471269],[-48.1959839,-21.9470538],[-48.1961294,-21.94711],[-48.1962627,-21.9472112],[-48.1964323,-21.9473123],[-48.1966565,-21.9473236],[-48.1968141,-21.9473236],[-48.1969413,-21.9473966],[-48.197008,-21.9475652],[-48.1969656,-21.9477788],[-48.1968019,-21.9478744],[-48.1966202,-21.9478912],[-48.1964384,-21.9478856],[-48.1963354,-21.9479811],[-48.1963111,-21.9481554],[-48.196299,-21.9485038],[-48.196196,-21.9486668],[-48.1960203,-21.948841],[-48.195893,-21.949049],[-48.195887,-21.9492963],[-48.1959779,-21.949493],[-48.1962324,-21.9496616],[-48.1964323,-21.9498414],[-48.1965353,-21.950055],[-48.1965535,-21.9502685],[-48.1964626,-21.9503697],[-48.1963596,-21.9503697],[-48.1962081,-21.950128],[-48.1961051,-21.9500493],[-48.1959355,-21.9500718],[-48.1958749,-21.9502741],[-48.1958749,-21.9505327],[-48.1957476,-21.95069],[-48.195578,-21.9508362],[-48.1955416,-21.9510385],[-48.1955901,-21.9512408],[-48.1959658,-21.9515836],[-48.1960809,-21.9517522],[-48.1961233,-21.9519377],[-48.1960324,-21.9521231],[-48.1958628,-21.9522243],[-48.1956446,-21.9522861],[-48.1954628,-21.9523873],[-48.1953719,-21.9525446],[-48.1954022,-21.9528088],[-48.1955174,-21.9529774],[-48.1957476,-21.9530561],[-48.1960748,-21.953146],[-48.1963051,-21.9532415],[-48.196396,-21.9533427],[-48.1964081,-21.9535225],[-48.196299,-21.9536462],[-48.1960688,-21.9536574],[-48.1958446,-21.9535787],[-48.1955901,-21.9535675],[-48.1953841,-21.9536574],[-48.1952205,-21.9538091],[-48.1951417,-21.9539834],[-48.1951478,-21.9541576],[-48.1952083,-21.9543487],[-48.1954507,-21.954506],[-48.1956991,-21.9544948],[-48.1958749,-21.9543936],[-48.1960809,-21.9541913],[-48.1962021,-21.9541407],[-48.1964142,-21.9542082],[-48.196499,-21.954343],[-48.1964687,-21.9546072],[-48.1964323,-21.9548488],[-48.1965353,-21.9551354],[-48.1966565,-21.9552984],[-48.1966141,-21.9555176],[-48.1964081,-21.9557368],[-48.1962324,-21.9559054],[-48.1961233,-21.9561358],[-48.1960627,-21.9563381],[-48.1958688,-21.9564561],[-48.1956991,-21.9563999],[-48.1955961,-21.9562931],[-48.195578,-21.9560571],[-48.1954628,-21.9558267],[-48.1953053,-21.9557424],[-48.1950447,-21.9557873],[-48.1947781,-21.9559953],[-48.1945903,-21.9562257],[-48.1945115,-21.9565011],[-48.1946448,-21.9566697],[-48.1947963,-21.9568495],[-48.1947963,-21.9570406],[-48.1946509,-21.9571417],[-48.1944388,-21.9571192],[-48.1941783,-21.9571979],[-48.1938268,-21.9574227],[-48.1936087,-21.9574677],[-48.1933481,-21.9575969],[-48.1930936,-21.9576419],[-48.1927846,-21.9576475],[-48.1926089,-21.9577655],[-48.1925604,-21.9579791],[-48.1926998,-21.958142],[-48.1929482,-21.9582263],[-48.1937965,-21.9582432],[-48.1940328,-21.9582544],[-48.1941419,-21.95835],[-48.1941722,-21.9585242],[-48.1940692,-21.9586422],[-48.1937662,-21.9588052],[-48.1934087,-21.9588501],[-48.1929846,-21.958822],[-48.1927301,-21.9588951],[-48.1925301,-21.9591592],[-48.1923908,-21.9592379],[-48.1922029,-21.9592042],[-48.1920757,-21.9587939],[-48.1919302,-21.9586366],[-48.1916758,-21.9585411],[-48.191391,-21.9585073],[-48.1911183,-21.9584568],[-48.1909426,-21.95835],[-48.1908153,-21.9581814],[-48.1907063,-21.9581308],[-48.1905487,-21.9581701],[-48.1904578,-21.958305],[-48.1904396,-21.9584624],[-48.1905427,-21.9586872],[-48.1907487,-21.9587939],[-48.1909002,-21.9589007],[-48.1910395,-21.9590581],[-48.1910698,-21.9592042],[-48.1909486,-21.9593053],[-48.1907487,-21.9593784],[-48.190579,-21.9594121],[-48.1905487,-21.9595076],[-48.1905608,-21.9596257],[-48.1906517,-21.9597437],[-48.1908032,-21.9598392],[-48.1909971,-21.9599123],[-48.1911486,-21.960019],[-48.1912213,-21.9601314],[-48.1912819,-21.9603113],[-48.1912516,-21.9604855],[-48.191191,-21.9607665],[-48.1909971,-21.9610755],[-48.1907911,-21.9612666],[-48.1907134,-21.9613284],[-48.1905961,-21.9614216],[-48.1903009,-21.9618404],[-48.1900952,-21.9622219],[-48.1898724,-21.9628179],[-48.1895811,-21.9631755],[-48.1892811,-21.9634855],[-48.189204,-21.9637875],[-48.1890584,-21.9641848],[-48.1888441,-21.9644471],[-48.1886042,-21.9648365],[-48.1885356,-21.9651941],[-48.18839,-21.9655438],[-48.1880729,-21.9658855],[-48.1877301,-21.9663703],[-48.1875416,-21.9666802],[-48.1873188,-21.966871],[-48.186976,-21.966871],[-48.1866504,-21.9667836],[-48.1863248,-21.9665213],[-48.1861534,-21.9662114],[-48.1860163,-21.9657584],[-48.185922,-21.9653849],[-48.1857164,-21.9651306],[-48.1854079,-21.9650193],[-48.1851165,-21.9651703],[-48.1850051,-21.9654246],[-48.1849794,-21.9657186],[-48.185108,-21.965965],[-48.1853393,-21.9663703],[-48.1854507,-21.9669107],[-48.1853308,-21.9670855],[-48.1850051,-21.9672048],[-48.1847223,-21.9671968],[-48.1845595,-21.9669266],[-48.1845852,-21.9666246],[-48.184551,-21.9663862],[-48.1844053,-21.9662432],[-48.1840882,-21.9662034],[-48.1837026,-21.9662352],[-48.1833256,-21.9662749],[-48.1830942,-21.9664418],[-48.1829485,-21.966712],[-48.1828285,-21.966871],[-48.1825972,-21.9668789],[-48.1824515,-21.96672],[-48.1823315,-21.966418],[-48.1821259,-21.9660604],[-48.1818688,-21.9657902],[-48.181526,-21.9654802],[-48.1813685,-21.9651483],[-48.1813546,-21.9649875],[-48.181209,-21.9649319],[-48.1808543,-21.9649267],[-48.1805938,-21.9648873],[-48.1804423,-21.964803],[-48.1802787,-21.9647019],[-48.1800666,-21.9647468],[-48.1799333,-21.9649267],[-48.1798364,-21.9651964],[-48.1797273,-21.9653537],[-48.1795031,-21.9655336],[-48.1792486,-21.9656122],[-48.1790062,-21.9655954],[-48.1788366,-21.9655055],[-48.1787457,-21.965365],[-48.1787942,-21.9650952],[-48.1789456,-21.9648929],[-48.1791214,-21.9647131],[-48.1791335,-21.9644883],[-48.1790547,-21.9642917],[-48.1787336,-21.9642692],[-48.1785154,-21.9642186],[-48.1783276,-21.9640556],[-48.178164,-21.9638702],[-48.1781155,-21.9636005],[-48.1780307,-21.9633026],[-48.1778489,-21.9630554],[-48.1776914,-21.962898],[-48.1774308,-21.9628643],[-48.1772612,-21.962943],[-48.177346,-21.9630947],[-48.1775278,-21.9632464],[-48.1776126,-21.9633981],[-48.1776005,-21.9636679],[-48.177449,-21.9638365],[-48.1771945,-21.9638927],[-48.1768188,-21.9638983],[-48.1765257,-21.9636298],[-48.1761572,-21.9635186],[-48.1758658,-21.9633676],[-48.1755831,-21.9632643],[-48.1753345,-21.9632802],[-48.1751632,-21.9631768],[-48.1750946,-21.9629066],[-48.1748461,-21.9626603],[-48.174529,-21.9626285],[-48.1743577,-21.9627397],[-48.1743919,-21.963153],[-48.1745548,-21.9634471],[-48.1746404,-21.9637014],[-48.1746404,-21.9639398],[-48.1744262,-21.9640272],[-48.1742634,-21.9638524],[-48.1742548,-21.9636378],[-48.1740749,-21.9635027],[-48.1738349,-21.9635345],[-48.1737835,-21.9637491],[-48.1738435,-21.9640034],[-48.1738178,-21.9642259],[-48.1736036,-21.9644802],[-48.173218,-21.964806],[-48.1727895,-21.9650365],[-48.1724035,-21.9653005],[-48.172406,-21.965585],[-48.1723696,-21.9658941],[-48.172103,-21.9660852],[-48.1718849,-21.9662088],[-48.1717819,-21.9663436],[-48.1718182,-21.9665459],[-48.1720424,-21.9666359],[-48.1723393,-21.9666808],[-48.1725514,-21.966737],[-48.1727574,-21.9668325],[-48.1729392,-21.9669899],[-48.1729937,-21.9671528],[-48.1728847,-21.9672877],[-48.1726605,-21.9672933],[-48.1723757,-21.9672989],[-48.1720424,-21.9673664],[-48.1718,-21.9675125],[-48.171697,-21.9676867],[-48.1716849,-21.9678946],[-48.1718243,-21.9680519],[-48.1721212,-21.96817],[-48.172309,-21.968288],[-48.1724787,-21.9685071],[-48.172618,-21.9687768],[-48.1726605,-21.9689904],[-48.1725453,-21.9691983],[-48.1722181,-21.9692994],[-48.1719515,-21.9695355],[-48.1716001,-21.9696797],[-48.1713105,-21.9695536],[-48.1711434,-21.9693986],[-48.1709634,-21.969192],[-48.1706635,-21.9691165],[-48.170415,-21.9691403],[-48.1701836,-21.9692635],[-48.1698751,-21.9696132],[-48.1694809,-21.9699986],[-48.1692881,-21.9702251],[-48.1691082,-21.9704675],[-48.1689111,-21.9705827],[-48.1686155,-21.9706423],[-48.1682855,-21.9706622],[-48.1679342,-21.9709006],[-48.1675143,-21.9711191],[-48.167365,-21.9712961],[-48.1672522,-21.9715782],[-48.1671877,-21.971832],[-48.1670104,-21.9719328],[-48.1668179,-21.9719336],[-48.1655992,-21.971444],[-48.1641093,-21.9711529],[-48.1631941,-21.9705275],[-48.1620941,-21.9699911],[-48.1610445,-21.9691018],[-48.1605519,-21.968873],[-48.1598774,-21.9682868],[-48.1577655,-21.9675704],[-48.1566853,-21.967309],[-48.1554371,-21.966536],[-48.155128,-21.9664657],[-48.1533027,-21.9665107],[-48.1526084,-21.9662648],[-48.1510512,-21.9652091],[-48.1499106,-21.9647431],[-48.1488652,-21.964176],[-48.147191,-21.9625961],[-48.1461548,-21.9620429],[-48.1457651,-21.9617567],[-48.1456347,-21.961661],[-48.1453604,-21.9615235],[-48.1445837,-21.9613969],[-48.1435775,-21.9608439],[-48.1432633,-21.9607823],[-48.1424633,-21.9608925],[-48.1410052,-21.960703],[-48.140655,-21.9607626],[-48.1393656,-21.9613456],[-48.137899,-21.9614572],[-48.1360343,-21.960978],[-48.1351616,-21.9609506],[-48.1340381,-21.9606821],[-48.1335105,-21.9606471],[-48.1323866,-21.9602248],[-48.1315211,-21.9601859],[-48.1309825,-21.9599733],[-48.1297953,-21.9593004],[-48.12916,-21.9592008],[-48.1284659,-21.959092],[-48.1275406,-21.9594927],[-48.1266903,-21.9596019],[-48.1256538,-21.9595982],[-48.1245735,-21.9600456],[-48.1236129,-21.9601031],[-48.1227792,-21.960489],[-48.1221297,-21.9606358],[-48.1217475,-21.9607222],[-48.1212298,-21.9607532],[-48.1203398,-21.9610481],[-48.119081,-21.9611498],[-48.1184384,-21.9610387],[-48.1177977,-21.9607397],[-48.1171935,-21.9606129],[-48.1165611,-21.9606785],[-48.1161121,-21.9604069],[-48.1154683,-21.9598073],[-48.1150151,-21.9595455],[-48.114372,-21.9593291],[-48.1135785,-21.9587898],[-48.1129924,-21.9586717],[-48.112373,-21.9587963],[-48.1120434,-21.9587773],[-48.1116039,-21.9586285],[-48.1105944,-21.9579708],[-48.1103002,-21.9576346],[-48.1097673,-21.9565585],[-48.1093039,-21.9560039],[-48.1075409,-21.9546158],[-48.1071358,-21.954174],[-48.1066951,-21.9533494],[-48.106244,-21.9528268],[-48.1055461,-21.9524843],[-48.1046527,-21.9522527],[-48.1038519,-21.9517985],[-48.1034601,-21.9517845],[-48.0955971,-21.9537775],[-48.0935192,-21.9539362],[-48.0917468,-21.953924],[-48.0902749,-21.9538137],[-48.0889211,-21.9536347],[-48.0860811,-21.9530606],[-48.0825067,-21.9529091],[-48.0811421,-21.9530139],[-48.0793374,-21.9534755],[-48.0782926,-21.9536485],[-48.0760785,-21.9535636],[-48.0719618,-21.9530559],[-48.0698405,-21.9529301],[-48.0682974,-21.9525049],[-48.067661,-21.9520601],[-48.067162,-21.9512011],[-48.067092,-21.9504402],[-48.0671404,-21.9496269],[-48.067629,-21.947408],[-48.0678105,-21.9460274],[-48.0678904,-21.9445018],[-48.0677468,-21.9431814],[-48.0671518,-21.9413006],[-48.066449,-21.9401013],[-48.064604,-21.9375791],[-48.0634618,-21.9352764],[-48.0634493,-21.9349962],[-48.0636009,-21.934613],[-48.0640231,-21.9341973],[-48.0646292,-21.9338079],[-48.0641789,-21.933548],[-48.063909,-21.9330516],[-48.0639364,-21.9326954],[-48.0644505,-21.9308859],[-48.0645333,-21.9293632],[-48.0647727,-21.9283354],[-48.0647685,-21.9278999],[-48.0644405,-21.9269381],[-48.0637997,-21.9260649],[-48.0635095,-21.9254266],[-48.0632249,-21.9250511],[-48.0607821,-21.9204644],[-48.068397,-21.9055507],[-48.0463936,-21.9050674],[-48.0463882,-21.9038734],[-48.0468411,-21.9022777],[-48.0468112,-21.9005782],[-48.0472566,-21.8988149],[-48.0473055,-21.8969437],[-48.047477,-21.895874],[-48.0471896,-21.8948228],[-48.0474135,-21.8939106],[-48.0473687,-21.8934062],[-48.0470266,-21.8925752],[-48.046548,-21.8906776],[-48.0462316,-21.889111],[-48.0462056,-21.8880272],[-48.0460552,-21.8864724],[-48.0457793,-21.8852428],[-48.0453241,-21.8841993],[-48.0447914,-21.8829795],[-48.0445855,-21.881881],[-48.0445072,-21.8816941],[-48.0444649,-21.8815929],[-48.0440507,-21.8806039],[-48.0435161,-21.8794507],[-48.0428223,-21.8782154],[-48.0426187,-21.8778596],[-48.0426198,-21.8776005],[-48.0420433,-21.876888],[-48.0403236,-21.8737963],[-48.039698,-21.8730334],[-48.0396618,-21.8727856],[-48.0402094,-21.8713336],[-48.0408081,-21.868652],[-48.040781,-21.8677919],[-48.0410662,-21.8668262],[-48.0410077,-21.8651374],[-48.0408102,-21.8631377],[-48.0398536,-21.8604639],[-48.0390625,-21.8593748],[-48.038164,-21.8585374],[-48.0373263,-21.8581726],[-48.0364827,-21.858063],[-48.0355977,-21.8582056],[-48.0348456,-21.8585717],[-48.034287,-21.8593836],[-48.033443,-21.8608888],[-48.0327969,-21.8625198],[-48.0324995,-21.8640329],[-48.0329117,-21.8676154],[-48.0328398,-21.8683874],[-48.0314756,-21.8697793],[-48.0302891,-21.8704147],[-48.0292027,-21.8712958],[-48.0282208,-21.8725512],[-48.0266596,-21.8752718],[-48.0253393,-21.8795249],[-48.02493,-21.8802819],[-48.0243734,-21.8807413],[-48.0236747,-21.8809616],[-48.0214159,-21.8813927],[-48.0176379,-21.8829806],[-48.016659,-21.883717],[-48.0160629,-21.8843557],[-48.0148374,-21.886356],[-48.0141378,-21.8869226],[-48.013418,-21.8872518],[-48.0124676,-21.8872858],[-48.011065,-21.8864632],[-48.0093187,-21.8861697],[-48.0068796,-21.8848489],[-48.0027569,-21.883495],[-48.0009806,-21.8832021],[-47.9996576,-21.8833242],[-47.9987532,-21.883115],[-47.9980306,-21.8826589],[-47.9967934,-21.8811504],[-47.9958563,-21.880315],[-47.9947073,-21.8797057],[-47.9928909,-21.8791477],[-47.9900756,-21.8774272],[-47.9890323,-21.8765177],[-47.9885991,-21.8758102],[-47.9884351,-21.8752672],[-47.988406,-21.8747157],[-47.9890534,-21.873318],[-47.9890136,-21.8730674],[-47.9888548,-21.8728844],[-47.9785577,-21.8698313],[-47.9768547,-21.8691604],[-47.9763406,-21.8686299],[-47.976291,-21.8683591],[-47.976365,-21.8680056],[-47.9770879,-21.8676002],[-47.9792263,-21.8658628],[-47.9802077,-21.8647219],[-47.9811696,-21.8632385],[-47.9815341,-21.862006],[-47.9813462,-21.8588545],[-47.9814944,-21.8584614],[-47.9818124,-21.8581509],[-47.9829229,-21.8576696],[-47.9845876,-21.8575439],[-47.9861921,-21.8576535],[-47.9870624,-21.8577723],[-47.9900344,-21.8585638],[-47.9918322,-21.8589142],[-47.9921991,-21.8588682],[-47.9925143,-21.8587159],[-47.9926871,-21.8584281],[-47.9926378,-21.8540213],[-47.9922445,-21.8514875],[-47.9917989,-21.8497407],[-47.9911839,-21.8481532],[-47.9904379,-21.847429],[-47.988803,-21.8461086],[-47.9873711,-21.8448792],[-47.9867996,-21.8442165],[-47.9861425,-21.8435902],[-47.9853035,-21.8430873],[-47.9845978,-21.8427354],[-47.9828359,-21.8423628],[-47.9814542,-21.8419577],[-47.9792402,-21.8407376],[-47.978168,-21.8402545],[-47.9770048,-21.8401099],[-47.9764891,-21.839927],[-47.9760616,-21.8394122],[-47.9757756,-21.8385183],[-47.9756834,-21.83823],[-47.9751537,-21.8378672],[-47.9745106,-21.8376909],[-47.9742225,-21.8374276],[-47.9740357,-21.8367138],[-47.9740666,-21.8348728],[-47.9738962,-21.8343674],[-47.9736783,-21.8340473],[-47.9734,-21.8330451],[-47.9726778,-21.8319124],[-47.9725528,-21.8317163],[-47.9718771,-21.8297625],[-47.9715873,-21.8282895],[-47.9714621,-21.8275145],[-47.9714432,-21.8268871],[-47.9715167,-21.8260154],[-47.9714595,-21.825465],[-47.9714042,-21.8250004],[-47.9714158,-21.8247742],[-47.9711163,-21.8241416],[-47.9706084,-21.8235151],[-47.9703632,-21.8228999],[-47.9699657,-21.8222945],[-47.9696204,-21.8208832],[-47.969,-21.82],[-47.971,-21.808],[-47.947,-21.783],[-47.945,-21.777],[-47.952,-21.754],[-47.967,-21.741],[-48.0230624,-21.7400656],[-48.027,-21.74],[-48.039,-21.749],[-48.044,-21.758],[-48.0664713,-21.758],[-48.0711066,-21.758],[-48.0743106,-21.7589296],[-48.102,-21.77],[-48.1145345,-21.7592248],[-48.117467,-21.7563772],[-48.1177759,-21.7560771],[-48.1184498,-21.7557104],[-48.119589,-21.7550905],[-48.1198311,-21.7550012],[-48.1199306,-21.7549621],[-48.1203826,-21.7547977],[-48.120501,-21.754754],[-48.120747,-21.7546265],[-48.1208048,-21.7545818],[-48.1209557,-21.754465],[-48.1210353,-21.7541785],[-48.1211139,-21.7536342],[-48.121201,-21.752925],[-48.1212466,-21.7526328],[-48.1212841,-21.7523925],[-48.1213904,-21.7521618],[-48.1215242,-21.7519999],[-48.121632,-21.7519166],[-48.1217837,-21.7517993],[-48.1219957,-21.7516883],[-48.1220262,-21.7516723],[-48.1244992,-21.7505431],[-48.1249294,-21.7502585],[-48.1252536,-21.7499218],[-48.1256444,-21.7493049],[-48.125869,-21.7490388],[-48.1268733,-21.7476897],[-48.1269281,-21.7476161],[-48.1281933,-21.7457881],[-48.1285416,-21.7453441],[-48.1286932,-21.7451508],[-48.1289937,-21.744702],[-48.1300822,-21.7411132],[-48.128782,-21.7355855],[-48.1299215,-21.7334685],[-48.1311426,-21.7318558],[-48.1313552,-21.7316934],[-48.1332333,-21.7302435],[-48.1344649,-21.7290625],[-48.1390803,-21.7261431],[-48.1415406,-21.7245868],[-48.1424809,-21.7233459],[-48.1440431,-21.7217286],[-48.1449235,-21.7202659],[-48.1476751,-21.7101962],[-48.1478245,-21.7074778],[-48.1472335,-21.7047203],[-48.1459171,-21.7015299],[-48.1591234,-21.6931752],[-48.1805287,-21.684124],[-48.1800195,-21.6819592],[-48.1789953,-21.680233],[-48.1773546,-21.6779571],[-48.1757676,-21.6762197],[-48.1751135,-21.6758295],[-48.1729146,-21.6727075],[-48.165,-21.665],[-48.165,-21.659],[-48.1650514,-21.6589486],[-48.17,-21.654],[-48.1669991,-21.6179905],[-48.166,-21.606],[-48.176,-21.617],[-48.187912,-21.6188025],[-48.1936822,-21.6180199],[-48.1970246,-21.6129015],[-48.1961613,-21.60503],[-48.2097394,-21.5941263],[-48.2461998,-21.5537364],[-48.2595975,-21.5389305],[-48.26,-21.551],[-48.2619505,-21.5531576],[-48.2633335,-21.5552841],[-48.2649262,-21.5591314],[-48.265961,-21.560484],[-48.2714715,-21.5684115],[-48.2737551,-21.574358],[-48.2772895,-21.576699],[-48.279,-21.579],[-48.2803497,-21.5840674],[-48.2827695,-21.5900012],[-48.2830504,-21.5939144],[-48.285,-21.596],[-48.271,-21.62],[-48.2716091,-21.6288328],[-48.273,-21.649],[-48.2732254,-21.6492255],[-48.2750164,-21.652485],[-48.2754866,-21.6532608],[-48.2787817,-21.6564039],[-48.283259,-21.661746],[-48.2854188,-21.6642962],[-48.2970973,-21.6736635],[-48.3004506,-21.6764985],[-48.305,-21.69],[-48.3100494,-21.6905084],[-48.316,-21.69],[-48.3231261,-21.6939037],[-48.3255786,-21.6968489],[-48.3260829,-21.6970407],[-48.3273016,-21.6970276],[-48.3281941,-21.6969813],[-48.3299777,-21.6974824],[-48.330692,-21.6974935],[-48.3325166,-21.7009842],[-48.3330932,-21.7039176],[-48.3332612,-21.7071295],[-48.3325834,-21.710769],[-48.332764,-21.7129931],[-48.3339043,-21.7182029],[-48.3354308,-21.7214591],[-48.3366704,-21.722945],[-48.3405707,-21.7246303],[-48.3413382,-21.7254185],[-48.3415049,-21.726446],[-48.3411417,-21.7285226],[-48.3411018,-21.7296858],[-48.3411173,-21.729815],[-48.3411414,-21.7299695],[-48.3405901,-21.7338622],[-48.343,-21.748],[-48.3433464,-21.7487335],[-48.3440789,-21.7492279],[-48.3451579,-21.7496187],[-48.3482599,-21.7498423],[-48.3523275,-21.7505442],[-48.35655,-21.7513536],[-48.3588973,-21.7521868],[-48.3606437,-21.7533787],[-48.3607875,-21.7540604],[-48.3605552,-21.756443],[-48.3597221,-21.7588655],[-48.3595756,-21.7606003],[-48.3597296,-21.7622954],[-48.3645279,-21.7728044],[-48.3651008,-21.7735464],[-48.36528,-21.7742064],[-48.3652926,-21.7750389],[-48.3640606,-21.7789799],[-48.3640858,-21.7818207],[-48.3645409,-21.7837417],[-48.3673433,-21.7869239],[-48.3682296,-21.7920616],[-48.3686437,-21.7976376],[-48.3723048,-21.8007385],[-48.3756341,-21.8036106],[-48.3787059,-21.8076382],[-48.3812231,-21.8143387],[-48.3820967,-21.8169721],[-48.3848158,-21.819247],[-48.3890281,-21.8209663],[-48.3895072,-21.8215057],[-48.3899219,-21.8227223],[-48.3920962,-21.827405],[-48.3956223,-21.834239],[-48.3961715,-21.8356201],[-48.3953646,-21.838734],[-48.3950299,-21.8412503],[-48.3921931,-21.8471992],[-48.3966951,-21.8538566]]]}},{"type":"Feature","properties":{"place_id":11904226,"osm_type":"relation","osm_id":5349569,"place_rank":18,"category":"boundary","type":"administrative","importance":0.16006371633478292,"addresstype":"city_district","name":"Araraquara","display_name":"Araraquara, São Paulo, Região Sudeste, Brasil"},"bbox":[-48.3966951,-21.9719336,-48.0548629,-21.7061942],"geometry":{"type":"Polygon","coordinates":[[[-48.3966951,-21.8538566],[-48.3957153,-21.8550937],[-48.3955946,-21.8553177],[-48.3955105,-21.8556675],[-48.3953977,-21.8559485],[-48.3952292,-21.856256],[-48.395023,-21.8566324],[-48.3947562,-21.8568505],[-48.3940829,-21.8572042],[-48.3939177,-21.8573693],[-48.39367,-21.8576758],[-48.3933397,-21.8579352],[-48.3929773,-21.8580769],[-48.3926988,-21.8580352],[-48.392279,-21.8577937],[-48.3920058,-21.8576935],[-48.3909895,-21.8576051],[-48.3906021,-21.857499],[-48.3903099,-21.8572926],[-48.3899986,-21.8572514],[-48.3898525,-21.857157],[-48.3896938,-21.8566441],[-48.3894905,-21.856426],[-48.3892174,-21.8562904],[-48.3888426,-21.8562904],[-48.3881757,-21.8563553],[-48.3877818,-21.8562668],[-48.3874706,-21.8560959],[-48.387261,-21.8558424],[-48.387026,-21.8555123],[-48.3866068,-21.8553059],[-48.3860033,-21.8552116],[-48.3841105,-21.8553708],[-48.383723,-21.8553531],[-48.3834816,-21.855247],[-48.3827385,-21.8545395],[-48.382478,-21.8543744],[-48.3822035,-21.854357],[-48.3818175,-21.8544098],[-48.3815443,-21.8545277],[-48.3812521,-21.8545277],[-48.381087,-21.8544098],[-48.3805979,-21.8541033],[-48.3801914,-21.8539441],[-48.3798674,-21.8539441],[-48.3795054,-21.8540561],[-48.3789401,-21.8542978],[-48.3786288,-21.854345],[-48.3782541,-21.8542978],[-48.3779365,-21.8541504],[-48.3774918,-21.8536788],[-48.3770726,-21.8532838],[-48.3768058,-21.8530185],[-48.3766407,-21.852824],[-48.3764819,-21.8528004],[-48.3762596,-21.8528534],[-48.3762024,-21.8530067],[-48.3761198,-21.8536434],[-48.3759674,-21.8539441],[-48.3756562,-21.8543744],[-48.375472,-21.854569],[-48.3754211,-21.8546751],[-48.375491,-21.8553354],[-48.3754275,-21.8556243],[-48.3751154,-21.8559353],[-48.3749066,-21.8561077],[-48.3746861,-21.8561931],[-48.3743825,-21.8562447],[-48.3740181,-21.8562402],[-48.3737697,-21.8561656],[-48.3736927,-21.8560622],[-48.3736932,-21.855951],[-48.3737506,-21.8558247],[-48.3741828,-21.8554747],[-48.3742852,-21.8553552],[-48.3743065,-21.8552083],[-48.3742397,-21.8550311],[-48.3741601,-21.8548725],[-48.3737651,-21.8545265],[-48.3736233,-21.854499],[-48.3733933,-21.854485],[-48.3729028,-21.8546338],[-48.372683,-21.854726],[-48.3719255,-21.8551725],[-48.371753,-21.8553388],[-48.3712617,-21.8561718],[-48.3710165,-21.8566892],[-48.371004,-21.8569582],[-48.3709451,-21.857166],[-48.3709749,-21.8572768],[-48.3710617,-21.8573662],[-48.3716488,-21.8576586],[-48.3717564,-21.8578039],[-48.3718174,-21.8579358],[-48.3718231,-21.8581114],[-48.3717864,-21.8582163],[-48.3717043,-21.8582879],[-48.3715607,-21.8583571],[-48.3712595,-21.858401],[-48.3710389,-21.8584004],[-48.3708308,-21.8583766],[-48.3705354,-21.8582793],[-48.3695627,-21.8579525],[-48.3692779,-21.8578982],[-48.3691478,-21.8579187],[-48.3690263,-21.8579786],[-48.3689517,-21.8580574],[-48.3687303,-21.8583959],[-48.3685674,-21.8585283],[-48.3683698,-21.8586075],[-48.3681737,-21.8586571],[-48.3672824,-21.8588091],[-48.3669592,-21.8588634],[-48.3667011,-21.8588289],[-48.3664315,-21.8587169],[-48.366276,-21.8585617],[-48.36623,-21.858396],[-48.366465,-21.8575756],[-48.3664714,-21.8572926],[-48.3660712,-21.8564732],[-48.365652,-21.8561666],[-48.3643371,-21.8553826],[-48.3641466,-21.8553943],[-48.3639624,-21.8554828],[-48.3639179,-21.8557068],[-48.3638925,-21.8560369],[-48.3639624,-21.8563317],[-48.3639751,-21.8565616],[-48.3638417,-21.8566559],[-48.3636479,-21.8566337],[-48.363486,-21.8564555],[-48.3630449,-21.8558817],[-48.3628918,-21.8557614],[-48.3626898,-21.8557093],[-48.3624799,-21.8557295],[-48.3619901,-21.8559318],[-48.3616641,-21.8560089],[-48.3614025,-21.8559922],[-48.3612337,-21.8558694],[-48.3611163,-21.8556891],[-48.3610384,-21.8553021],[-48.3610786,-21.855018],[-48.3614407,-21.854398],[-48.3614852,-21.854174],[-48.3613668,-21.8540426],[-48.3611964,-21.8539876],[-48.360926,-21.8540366],[-48.3595426,-21.8549272],[-48.3593266,-21.8549629],[-48.3592184,-21.8549084],[-48.3591896,-21.854715],[-48.3591681,-21.8545045],[-48.359079,-21.8543504],[-48.3589469,-21.8542792],[-48.3587525,-21.8542274],[-48.3585564,-21.8542594],[-48.3583219,-21.8544275],[-48.3579159,-21.8547434],[-48.3576375,-21.8548384],[-48.357035,-21.8548991],[-48.3568895,-21.8548838],[-48.3568052,-21.8547978],[-48.3567874,-21.8546754],[-48.3568848,-21.8542582],[-48.356851,-21.8541155],[-48.3567647,-21.8540157],[-48.3565422,-21.8539107],[-48.3563688,-21.8539099],[-48.3556255,-21.8543516],[-48.3552436,-21.854541],[-48.3550473,-21.8545826],[-48.3549114,-21.8545062],[-48.3548799,-21.854412],[-48.3548792,-21.8542978],[-48.355038,-21.8540384],[-48.3552245,-21.8538204],[-48.3552619,-21.8536675],[-48.3552378,-21.8534928],[-48.3551556,-21.8533269],[-48.3550268,-21.8531857],[-48.3536189,-21.8528437],[-48.3533803,-21.852823],[-48.3531849,-21.8528822],[-48.3525163,-21.8531718],[-48.3522623,-21.8533722],[-48.3519701,-21.8537377],[-48.3517224,-21.8540325],[-48.3515191,-21.8541151],[-48.3512714,-21.8540797],[-48.3510935,-21.8538674],[-48.3506553,-21.8531305],[-48.3505409,-21.8527768],[-48.3505536,-21.8523818],[-48.3504838,-21.852258],[-48.3503695,-21.8522152],[-48.3502106,-21.8522403],[-48.3500201,-21.8523936],[-48.349766,-21.8527768],[-48.3495119,-21.8529242],[-48.3493622,-21.8529506],[-48.348864,-21.852877],[-48.3483622,-21.8529006],[-48.3474095,-21.8529713],[-48.3472062,-21.8530362],[-48.3470601,-21.8531659],[-48.3468696,-21.8536375],[-48.3467743,-21.8537849],[-48.3466345,-21.8538085],[-48.3464948,-21.8536965],[-48.3464503,-21.8535137],[-48.3462407,-21.8533487],[-48.345993,-21.8533781],[-48.3458533,-21.853331],[-48.3457199,-21.8532425],[-48.3452537,-21.8528249],[-48.3450819,-21.8528206],[-48.344983,-21.8528181],[-48.3447353,-21.8528829],[-48.3444813,-21.8530598],[-48.3437317,-21.8537024],[-48.3438143,-21.8538792],[-48.3439477,-21.8541445],[-48.3443207,-21.8545988],[-48.3446337,-21.8546103],[-48.3449005,-21.8545454],[-48.3451482,-21.8545867],[-48.34518,-21.8547164],[-48.3450212,-21.8552116],[-48.344983,-21.8555712],[-48.3449576,-21.8561784],[-48.3447861,-21.8565439],[-48.3444813,-21.8567679],[-48.34411,-21.8568616],[-48.3439566,-21.8567627],[-48.3438757,-21.8565042],[-48.3439027,-21.8562166],[-48.3437769,-21.8560165],[-48.3435613,-21.8559081],[-48.3432739,-21.8558914],[-48.3430089,-21.8559206],[-48.3427619,-21.8559039],[-48.3423217,-21.8557539],[-48.3414189,-21.8553037],[-48.3412123,-21.8552578],[-48.3409788,-21.8552161],[-48.3408755,-21.8551119],[-48.3408934,-21.8549368],[-48.3412213,-21.85452],[-48.3417872,-21.8538321],[-48.3419354,-21.8535612],[-48.3419624,-21.8533277],[-48.341886,-21.8531026],[-48.3415312,-21.8528566],[-48.3412393,-21.8526524],[-48.3410147,-21.8524523],[-48.3407722,-21.8523189],[-48.3405643,-21.8522173],[-48.3403994,-21.852273],[-48.3402826,-21.8524023],[-48.3401523,-21.8526691],[-48.340049,-21.8529567],[-48.3397795,-21.8533194],[-48.3394099,-21.8537644],[-48.3393259,-21.8538655],[-48.3389576,-21.8542365],[-48.3382569,-21.8548409],[-48.3377943,-21.8553245],[-48.3374081,-21.8558622],[-48.3374081,-21.8560165],[-48.3376102,-21.8564042],[-48.3386567,-21.8578923],[-48.3387151,-21.8581258],[-48.3386252,-21.8583801],[-48.3383602,-21.858651],[-48.3379785,-21.8588303],[-48.3375518,-21.8589762],[-48.3369634,-21.859022],[-48.3363122,-21.8590053],[-48.335607,-21.8589011],[-48.3355351,-21.8587386],[-48.3355486,-21.8583509],[-48.3354723,-21.8581091],[-48.3352881,-21.8578923],[-48.3349063,-21.8577214],[-48.334538,-21.8576381],[-48.3344392,-21.857488],[-48.3343674,-21.8572295],[-48.3343988,-21.8570753],[-48.3345425,-21.8569794],[-48.3349378,-21.8569836],[-48.3351174,-21.8568961],[-48.3359753,-21.856079],[-48.3361954,-21.8560123],[-48.3362538,-21.8558914],[-48.3362403,-21.855683],[-48.3361594,-21.8555413],[-48.3359439,-21.8555413],[-48.3356833,-21.8556163],[-48.3352791,-21.8556955],[-48.3350231,-21.855683],[-48.3348662,-21.8556165],[-48.3346907,-21.8553203],[-48.3345425,-21.8552328],[-48.3344886,-21.8551369],[-48.3344831,-21.8549449],[-48.3346099,-21.8548243],[-48.334794,-21.8546659],[-48.3350321,-21.8546492],[-48.335333,-21.8546283],[-48.3354902,-21.8545908],[-48.335589,-21.8544574],[-48.3356205,-21.8543032],[-48.33558,-21.8541448],[-48.3354678,-21.8540447],[-48.3353106,-21.8540364],[-48.3351713,-21.8541073],[-48.3350096,-21.8541906],[-48.3347177,-21.8542281],[-48.3344168,-21.8541865],[-48.3341832,-21.8540864],[-48.334035,-21.8540822],[-48.3338464,-21.8541531],[-48.3337835,-21.8542532],[-48.3338059,-21.8544407],[-48.3338419,-21.8546575],[-48.3335679,-21.8554746],[-48.333487,-21.855583],[-48.3333523,-21.8555579],[-48.3332131,-21.8555163],[-48.3329705,-21.8554829],[-48.3324585,-21.8555037],[-48.3319016,-21.8556788],[-48.330626,-21.8561165],[-48.3305901,-21.8562458],[-48.3305945,-21.8564292],[-48.3306815,-21.8565416],[-48.3307203,-21.8565918],[-48.3308865,-21.8567251],[-48.3309853,-21.856846],[-48.3311021,-21.857042],[-48.3311052,-21.8571957],[-48.3310914,-21.857358],[-48.3309979,-21.8575354],[-48.3309221,-21.8576113],[-48.3308091,-21.8576726],[-48.3306557,-21.857679],[-48.3303015,-21.8575687],[-48.3300087,-21.8575689],[-48.3299224,-21.8575873],[-48.3298514,-21.8576364],[-48.3296918,-21.8578257],[-48.329493,-21.857961],[-48.3294096,-21.8580548],[-48.3293564,-21.8581932],[-48.3293886,-21.8582918],[-48.3294708,-21.8583886],[-48.3296241,-21.8584348],[-48.32982,-21.8584259],[-48.3302921,-21.858314],[-48.3304612,-21.8583553],[-48.3306025,-21.8584436],[-48.3306868,-21.8585405],[-48.3307435,-21.8586989],[-48.3307697,-21.8589136],[-48.3306298,-21.8591764],[-48.3304329,-21.859418],[-48.3300421,-21.8597223],[-48.3298671,-21.8597989],[-48.3294941,-21.8600683],[-48.329283,-21.8602601],[-48.3292204,-21.860398],[-48.3292114,-21.8605459],[-48.3292404,-21.8609723],[-48.3292379,-21.8611154],[-48.3292008,-21.8612061],[-48.3291281,-21.8612688],[-48.3290181,-21.8613314],[-48.3283036,-21.8615885],[-48.3281994,-21.8615733],[-48.3281342,-21.8615217],[-48.328118,-21.861444],[-48.3281541,-21.8613567],[-48.3282606,-21.8612737],[-48.328446,-21.8610765],[-48.3284962,-21.860967],[-48.3284847,-21.8608397],[-48.3284099,-21.8607278],[-48.3283328,-21.8606918],[-48.3282586,-21.8606803],[-48.3281844,-21.8607035],[-48.3280418,-21.8608694],[-48.3278641,-21.8610253],[-48.3277505,-21.861052],[-48.3276562,-21.8610119],[-48.3275979,-21.8609317],[-48.3275816,-21.86082],[-48.3274982,-21.8602837],[-48.327439,-21.8601931],[-48.3271463,-21.8598837],[-48.327035,-21.859837],[-48.3269261,-21.8598054],[-48.3267885,-21.8598022],[-48.3266975,-21.8598256],[-48.3266151,-21.8598766],[-48.326309,-21.8600715],[-48.3261322,-21.8601244],[-48.3259279,-21.8601308],[-48.3256867,-21.8600797],[-48.3251694,-21.8597432],[-48.3248198,-21.8594486],[-48.3245144,-21.8592868],[-48.3242251,-21.8591646],[-48.3240236,-21.8591346],[-48.3235565,-21.8591679],[-48.3231028,-21.8591262],[-48.3226133,-21.8589928],[-48.3223977,-21.8589762],[-48.3220833,-21.8590304],[-48.3216207,-21.8590971],[-48.3210304,-21.8592724],[-48.3208904,-21.8593574],[-48.3208012,-21.8594461],[-48.3207403,-21.8595347],[-48.3207391,-21.8596943],[-48.3208073,-21.8598442],[-48.3208418,-21.8602355],[-48.3208304,-21.8603767],[-48.3207942,-21.8604602],[-48.3207376,-21.8605122],[-48.320628,-21.8605477],[-48.3203945,-21.860556],[-48.3199461,-21.8605464],[-48.3196934,-21.8605906],[-48.3195196,-21.8606677],[-48.3191705,-21.8608881],[-48.3189258,-21.8609729],[-48.3188605,-21.8610237],[-48.3188075,-21.861104],[-48.3187867,-21.8612344],[-48.318809,-21.8613647],[-48.3189033,-21.8618399],[-48.3188719,-21.8621067],[-48.3187012,-21.8624693],[-48.3184138,-21.8627861],[-48.318288,-21.8628526],[-48.3181757,-21.862832],[-48.3180584,-21.8627687],[-48.3179785,-21.8626452],[-48.3178041,-21.8622832],[-48.3177215,-21.8621927],[-48.3175963,-21.8621442],[-48.3175107,-21.8621086],[-48.3174391,-21.8621984],[-48.3173268,-21.8622859],[-48.3172868,-21.8623687],[-48.3172654,-21.8624429],[-48.317256,-21.8627348],[-48.317493,-21.8634406],[-48.3174994,-21.8636163],[-48.3173852,-21.8638407],[-48.3169136,-21.8642951],[-48.316716,-21.8645202],[-48.3166037,-21.8647161],[-48.3166441,-21.8649704],[-48.3165947,-21.8652288],[-48.316469,-21.8654747],[-48.3163076,-21.8655914],[-48.3161186,-21.865679],[-48.3157728,-21.8657082],[-48.3155213,-21.8657832],[-48.3154135,-21.8658707],[-48.315391,-21.8659999],[-48.3153776,-21.86615],[-48.3154629,-21.86625],[-48.3155437,-21.8663417],[-48.3157369,-21.8663459],[-48.3162085,-21.8662751],[-48.3165319,-21.8662334],[-48.3166935,-21.8662584],[-48.3167834,-21.8663543],[-48.3167025,-21.8664168],[-48.3164824,-21.8664751],[-48.3162893,-21.866471],[-48.3160288,-21.8665668],[-48.3156875,-21.8667669],[-48.3153057,-21.8668795],[-48.3149509,-21.8668628],[-48.3145377,-21.8668294],[-48.3141918,-21.8668461],[-48.3139987,-21.8669128],[-48.3139268,-21.8670295],[-48.3139178,-21.8672754],[-48.3138689,-21.8674059],[-48.3136888,-21.8675005],[-48.3134642,-21.8675464],[-48.3131453,-21.8675047],[-48.3128174,-21.8674964],[-48.3124671,-21.8675547],[-48.312,-21.8676964],[-48.3117619,-21.8678173],[-48.3115284,-21.867884],[-48.3110298,-21.8678715],[-48.3106391,-21.8679007],[-48.3102349,-21.8679882],[-48.3095926,-21.8681174],[-48.3092153,-21.868255],[-48.3089368,-21.8684634],[-48.3086943,-21.8687302],[-48.3080745,-21.8695596],[-48.3078993,-21.8698681],[-48.3078095,-21.8701474],[-48.3078768,-21.8703558],[-48.3083709,-21.8710602],[-48.3084652,-21.8713603],[-48.3086045,-21.871477],[-48.3088919,-21.8716104],[-48.3089773,-21.8717146],[-48.3090042,-21.8718355],[-48.3088695,-21.871898],[-48.3086673,-21.8719147],[-48.3084922,-21.8719939],[-48.3083979,-21.8721522],[-48.3083125,-21.8723607],[-48.3080924,-21.8725566],[-48.3077107,-21.87274],[-48.3074771,-21.8727483],[-48.3073199,-21.8726608],[-48.3072301,-21.8724398],[-48.3072346,-21.8720689],[-48.3071627,-21.8718771],[-48.3070459,-21.8718355],[-48.3068753,-21.871873],[-48.3063408,-21.8722564],[-48.3060713,-21.8723857],[-48.3058453,-21.8724424],[-48.3055413,-21.8724398],[-48.3053167,-21.8723273],[-48.3052404,-21.8721522],[-48.3052269,-21.8718521],[-48.3054335,-21.8714353],[-48.3054964,-21.8709643],[-48.3054155,-21.8706517],[-48.3052089,-21.8703599],[-48.3050578,-21.8702303],[-48.3046879,-21.8700807],[-48.3037941,-21.8699556],[-48.3035218,-21.8699391],[-48.3028924,-21.8696932],[-48.3027799,-21.8696926],[-48.3026201,-21.8697421],[-48.3024906,-21.869825],[-48.3024045,-21.8699541],[-48.3022401,-21.8702057],[-48.3020829,-21.8703599],[-48.3018976,-21.8703823],[-48.301692,-21.870369],[-48.3015508,-21.8702778],[-48.301483,-21.8701248],[-48.3014751,-21.8699423],[-48.3015206,-21.8698041],[-48.3016343,-21.8695871],[-48.3016719,-21.869453],[-48.3016197,-21.8693368],[-48.3014468,-21.8692621],[-48.3012215,-21.8692258],[-48.3010427,-21.8692163],[-48.3008521,-21.8691872],[-48.3005443,-21.8690487],[-48.3003537,-21.8689928],[-48.3001426,-21.8689803],[-48.2999822,-21.8690642],[-48.2997175,-21.869258],[-48.2995349,-21.8692983],[-48.2994044,-21.8693089],[-48.2992503,-21.8692351],[-48.2991337,-21.8690815],[-48.2990274,-21.8688794],[-48.2989354,-21.8686593],[-48.2988482,-21.8685867],[-48.2987682,-21.8685259],[-48.298602,-21.8685801],[-48.2984089,-21.8687718],[-48.298346,-21.8689427],[-48.2980855,-21.8691678],[-48.297761,-21.8692915],[-48.2974762,-21.8693332],[-48.2973517,-21.8692811],[-48.2973194,-21.8692081],[-48.2972737,-21.869031],[-48.2973109,-21.8688806],[-48.297487,-21.8687985],[-48.2977298,-21.8686862],[-48.2978041,-21.8685873],[-48.2978663,-21.8684005],[-48.29788,-21.8681986],[-48.2978624,-21.8680618],[-48.2978295,-21.8679174],[-48.297569,-21.8676839],[-48.2973553,-21.8675334],[-48.2971794,-21.8674542],[-48.2970092,-21.8674281],[-48.2967345,-21.8674198],[-48.2965459,-21.8673988],[-48.2964595,-21.8673043],[-48.2964663,-21.867198],[-48.2965968,-21.8671453],[-48.2968052,-21.8671091],[-48.2969039,-21.8670538],[-48.2970343,-21.8669201],[-48.2970942,-21.8666215],[-48.2971661,-21.866398],[-48.2973158,-21.8661645],[-48.2973744,-21.8660397],[-48.2974229,-21.8658128],[-48.2974098,-21.8657409],[-48.2973543,-21.8657044],[-48.2972676,-21.8657098],[-48.2972129,-21.8657503],[-48.2971817,-21.8657927],[-48.2971656,-21.8658965],[-48.297071,-21.8659699],[-48.2969357,-21.8659833],[-48.2965988,-21.8660041],[-48.2957072,-21.8659777],[-48.2954391,-21.865882],[-48.2952252,-21.8657016],[-48.2949875,-21.8654889],[-48.2948264,-21.865455],[-48.2946887,-21.8654585],[-48.2945811,-21.8655034],[-48.2945262,-21.8656146],[-48.2945656,-21.8657929],[-48.2946276,-21.8659588],[-48.2947505,-21.8661601],[-48.2949011,-21.8664001],[-48.2949325,-21.8666085],[-48.2948831,-21.8667753],[-48.2947484,-21.8668378],[-48.2945957,-21.8667919],[-48.2944564,-21.8666294],[-48.2943082,-21.8663584],[-48.2940522,-21.866225],[-48.2935896,-21.8661458],[-48.2934459,-21.8662125],[-48.2932437,-21.8664918],[-48.293127,-21.8667461],[-48.2931325,-21.8669434],[-48.2932572,-21.8671671],[-48.293392,-21.867313],[-48.293648,-21.8673421],[-48.2938186,-21.8673046],[-48.2939444,-21.8673296],[-48.2940476,-21.8674076],[-48.2940702,-21.8675297],[-48.2938276,-21.8676881],[-48.2934414,-21.8680466],[-48.2932033,-21.868355],[-48.2929114,-21.8685384],[-48.2927856,-21.8685426],[-48.2926599,-21.8684342],[-48.2923724,-21.867909],[-48.2921972,-21.8677673],[-48.2919951,-21.8677131],[-48.291811,-21.8677715],[-48.2916223,-21.8678798],[-48.2914786,-21.8680299],[-48.2914606,-21.8681508],[-48.2916897,-21.8684967],[-48.2920355,-21.8688552],[-48.292332,-21.8691512],[-48.2924322,-21.86942],[-48.2924488,-21.869743],[-48.2922511,-21.8702516],[-48.2921703,-21.8704225],[-48.2920535,-21.870485],[-48.2918379,-21.87046],[-48.2917346,-21.8703849],[-48.291775,-21.8702599],[-48.2918604,-21.8700348],[-48.2919412,-21.8698389],[-48.2919143,-21.869618],[-48.2917512,-21.8695089],[-48.2914651,-21.869518],[-48.2912091,-21.8695596],[-48.2909217,-21.8695013],[-48.2906252,-21.8694013],[-48.2904423,-21.8694398],[-48.2903378,-21.8694971],[-48.2903108,-21.8696764],[-48.2903468,-21.8698556],[-48.2905354,-21.8699765],[-48.2907465,-21.870139],[-48.2907914,-21.8702682],[-48.290769,-21.8703683],[-48.2905848,-21.8704975],[-48.2903378,-21.8705642],[-48.2899425,-21.8706017],[-48.28941,-21.8707198],[-48.2887564,-21.8707738],[-48.2880834,-21.8708097],[-48.28773,-21.8708591],[-48.2872943,-21.8709804],[-48.2869263,-21.8709759],[-48.2867278,-21.8708367],[-48.2866455,-21.870612],[-48.2866455,-21.8703739],[-48.2866213,-21.8701807],[-48.2865051,-21.8700594],[-48.2863744,-21.8700459],[-48.2862195,-21.8701357],[-48.2861662,-21.8702616],[-48.2860839,-21.8704413],[-48.285958,-21.8705761],[-48.2857654,-21.8706072],[-48.2855175,-21.8704817],[-48.2851253,-21.8702391],[-48.2848542,-21.8700099],[-48.2847138,-21.8697898],[-48.2846944,-21.8695786],[-48.2847525,-21.8694393],[-48.2845112,-21.8691232],[-48.2843774,-21.8689146],[-48.2842948,-21.8688191],[-48.284207,-21.8687047],[-48.2840437,-21.8685975],[-48.2839662,-21.8685554],[-48.2837642,-21.8685395],[-48.2836512,-21.8684219],[-48.2835108,-21.8682123],[-48.2833397,-21.8680375],[-48.2831035,-21.8678628],[-48.2824427,-21.8675641],[-48.2821107,-21.8674498],[-48.2818231,-21.8673417],[-48.2815116,-21.8671321],[-48.281224,-21.8669541],[-48.2808885,-21.8668271],[-48.2804503,-21.866754],[-48.2799711,-21.866719],[-48.2797554,-21.866754],[-48.2796356,-21.8667],[-48.2795774,-21.8665919],[-48.2795363,-21.8663664],[-48.2793411,-21.8661885],[-48.2790586,-21.866081],[-48.2789917,-21.8661819],[-48.2788858,-21.8663909],[-48.2788046,-21.8665068],[-48.278704,-21.8666252],[-48.2785197,-21.8667038],[-48.2783244,-21.8666873],[-48.2781019,-21.8666936],[-48.27765,-21.8667349],[-48.2773487,-21.8667572],[-48.2769653,-21.8668842],[-48.2766572,-21.8670209],[-48.2764233,-21.867265],[-48.2764655,-21.8674371],[-48.2765477,-21.8676372],[-48.2765682,-21.8678374],[-48.2765442,-21.8681169],[-48.2764655,-21.8683584],[-48.2764073,-21.8685427],[-48.2763868,-21.8687142],[-48.2763217,-21.8688477],[-48.276154,-21.8690129],[-48.2759314,-21.8692289],[-48.2758116,-21.8693973],[-48.2757637,-21.8695784],[-48.2757089,-21.8697214],[-48.2756199,-21.8698738],[-48.2755035,-21.8699533],[-48.2753221,-21.8699723],[-48.2751064,-21.8699406],[-48.2749729,-21.8698484],[-48.2747915,-21.8697309],[-48.2745929,-21.8695212],[-48.274456,-21.8692861],[-48.2743156,-21.8691622],[-48.2741513,-21.8690923],[-48.2739493,-21.8691114],[-48.2738089,-21.8692321],[-48.2736309,-21.8694799],[-48.2734495,-21.8698103],[-48.2733434,-21.8699978],[-48.2732407,-21.8701725],[-48.2731345,-21.8702456],[-48.2729428,-21.8702456],[-48.272799,-21.8701693],[-48.2726005,-21.8700359],[-48.2724362,-21.869858],[-48.2722308,-21.8696356],[-48.2720288,-21.8692988],[-48.2719261,-21.8690732],[-48.2718884,-21.8688699],[-48.2718199,-21.8686793],[-48.2717001,-21.8685236],[-48.2715392,-21.8684092],[-48.2712859,-21.8683489],[-48.2710154,-21.8683489],[-48.270745,-21.8684061],[-48.2705773,-21.8685363],[-48.2704403,-21.8686761],[-48.2702248,-21.8687394],[-48.270081,-21.868667],[-48.2699782,-21.8685487],[-48.2699536,-21.8683694],[-48.2699988,-21.8681825],[-48.2699947,-21.8680338],[-48.2699207,-21.8678698],[-48.2697212,-21.8676725],[-48.2694992,-21.8675542],[-48.269438,-21.8675356],[-48.2692855,-21.8674894],[-48.2690266,-21.867436],[-48.268854,-21.8674093],[-48.2687553,-21.8674474],[-48.268706,-21.867497],[-48.2687224,-21.8676],[-48.268743,-21.8677182],[-48.268743,-21.8678861],[-48.2687183,-21.8680425],[-48.2686608,-21.8681798],[-48.2685622,-21.8682713],[-48.2683238,-21.86834],[-48.2681511,-21.8683056],[-48.2680278,-21.8681988],[-48.2679456,-21.8680653],[-48.2678552,-21.8679662],[-48.2677196,-21.8679318],[-48.2676209,-21.8679738],[-48.2675552,-21.868073],[-48.2675634,-21.8682408],[-48.2676251,-21.8683896],[-48.2676744,-21.868546],[-48.2677155,-21.8687672],[-48.2677525,-21.8689388],[-48.2677278,-21.8690876],[-48.2676333,-21.8691753],[-48.2675264,-21.8691601],[-48.2674606,-21.8690723],[-48.2674648,-21.8688892],[-48.2674935,-21.8687596],[-48.2674442,-21.8686184],[-48.2673086,-21.8685192],[-48.2671442,-21.8684964],[-48.2669387,-21.8685269],[-48.2668359,-21.8686146],[-48.2667044,-21.8687557],[-48.2666797,-21.8688892],[-48.2667208,-21.8690609],[-48.266803,-21.8691906],[-48.2668935,-21.8693317],[-48.2669551,-21.8694309],[-48.2669715,-21.8695529],[-48.2669304,-21.8696597],[-48.266803,-21.8696788],[-48.2666797,-21.8695873],[-48.2666263,-21.8694499],[-48.266577,-21.8692821],[-48.2664537,-21.8692135],[-48.2663098,-21.8691868],[-48.2661865,-21.869202],[-48.2660879,-21.869263],[-48.2659851,-21.8693889],[-48.2658331,-21.8695148],[-48.2656563,-21.8696025],[-48.2654714,-21.8696445],[-48.2652782,-21.8696559],[-48.2650932,-21.8696788],[-48.2649535,-21.8697017],[-48.264896,-21.8697932],[-48.264896,-21.8698848],[-48.2649453,-21.8699572],[-48.2650439,-21.8700488],[-48.2652207,-21.8701403],[-48.2653316,-21.8702281],[-48.2653892,-21.8703539],[-48.2654426,-21.8705828],[-48.2654714,-21.8707888],[-48.2655166,-21.8709413],[-48.2655823,-21.8710786],[-48.2656481,-21.8712198],[-48.2656892,-21.8713609],[-48.2656769,-21.8714524],[-48.2655988,-21.8715325],[-48.2654796,-21.8715783],[-48.2653645,-21.8715554],[-48.2652412,-21.8714715],[-48.2652083,-21.8713685],[-48.2652083,-21.8712236],[-48.2652124,-21.8710786],[-48.2652042,-21.8709146],[-48.2651508,-21.870804],[-48.2650439,-21.8706781],[-48.2648549,-21.870598],[-48.2646781,-21.8705485],[-48.2645096,-21.870537],[-48.2643082,-21.870537],[-48.2641315,-21.870579],[-48.263963,-21.8706133],[-48.2638356,-21.8706438],[-48.2637246,-21.8707392],[-48.2636835,-21.8708498],[-48.2636958,-21.8709757],[-48.2637492,-21.871071],[-48.2638273,-21.8711549],[-48.2639219,-21.8712465],[-48.2639671,-21.8713533],[-48.263963,-21.8714906],[-48.2639013,-21.8716012],[-48.2637739,-21.8716851],[-48.2636301,-21.8717347],[-48.2634328,-21.8717423],[-48.2632725,-21.8717194],[-48.2631122,-21.8716584],[-48.2629437,-21.8716126],[-48.2627341,-21.871605],[-48.2624669,-21.8716889],[-48.2622819,-21.871708],[-48.2621381,-21.871708],[-48.2620847,-21.871769],[-48.2621258,-21.8718796],[-48.2622162,-21.8719902],[-48.2623518,-21.8721466],[-48.2624094,-21.8722839],[-48.2624135,-21.8724251],[-48.2623683,-21.8725319],[-48.2622655,-21.8726577],[-48.2621299,-21.8727798],[-48.2620353,-21.8729095],[-48.2619737,-21.8730735],[-48.2618919,-21.8735104],[-48.2618245,-21.8737609],[-48.2617258,-21.873944],[-48.2617299,-21.874066],[-48.2617751,-21.874211],[-48.2617834,-21.8743673],[-48.2618162,-21.8744818],[-48.2618984,-21.8745733],[-48.2620628,-21.8746114],[-48.2622642,-21.8746229],[-48.2625026,-21.8745847],[-48.262667,-21.8745809],[-48.262815,-21.8746343],[-48.2629013,-21.8747373],[-48.2629177,-21.8748365],[-48.2629054,-21.8749547],[-48.2628397,-21.875031],[-48.2627205,-21.875073],[-48.2625273,-21.8750806],[-48.2624122,-21.8751035],[-48.26233,-21.8751874],[-48.2622601,-21.8753132],[-48.2622766,-21.8753857],[-48.2623423,-21.8754963],[-48.2624533,-21.8755993],[-48.2626177,-21.875668],[-48.2628232,-21.875687],[-48.2629876,-21.8756947],[-48.2631644,-21.8757328],[-48.2632753,-21.8758129],[-48.2632959,-21.8759159],[-48.2632794,-21.8760341],[-48.2631767,-21.8761104],[-48.2629794,-21.8761981],[-48.2627287,-21.8762859],[-48.2625437,-21.876324],[-48.2623177,-21.8763736],[-48.2621656,-21.8764308],[-48.2620423,-21.8765376],[-48.2619848,-21.8766634],[-48.26203,-21.876816],[-48.2620957,-21.8769915],[-48.2621081,-21.8771631],[-48.2620587,-21.8773347],[-48.2619642,-21.8774759],[-48.2619313,-21.8776666],[-48.2619478,-21.8779679],[-48.2619971,-21.8783569],[-48.2619889,-21.8785896],[-48.2619354,-21.8788184],[-48.2618532,-21.8789557],[-48.2617875,-21.879135],[-48.2617382,-21.8793104],[-48.2616518,-21.8794058],[-48.2615737,-21.8794134],[-48.2614792,-21.8793638],[-48.2614258,-21.8792379],[-48.2614217,-21.8791197],[-48.2613313,-21.8790167],[-48.261208,-21.8790053],[-48.2610929,-21.8790549],[-48.2610066,-21.8791502],[-48.2609449,-21.8792952],[-48.2608504,-21.8796842],[-48.2608011,-21.8798825],[-48.2606531,-21.8800618],[-48.260538,-21.8802715],[-48.2604311,-21.8805881],[-48.2603202,-21.8807597],[-48.2601681,-21.8808513],[-48.2599955,-21.8808742],[-48.2597776,-21.8809047],[-48.2596461,-21.880939],[-48.2595228,-21.8810382],[-48.2593666,-21.8812212],[-48.2593173,-21.8813852],[-48.2592968,-21.8816217],[-48.2592639,-21.8817971],[-48.2591858,-21.8819116],[-48.2590502,-21.8819573],[-48.2588981,-21.8819077],[-48.2587583,-21.8818086],[-48.2586309,-21.8817552],[-48.2584706,-21.8817781],[-48.2583761,-21.8818772],[-48.2584049,-21.8819688],[-48.2585158,-21.8820908],[-48.2587049,-21.8822014],[-48.2587994,-21.8822968],[-48.2588282,-21.8823959],[-48.2587748,-21.8824608],[-48.2586309,-21.8824837],[-48.258307,-21.8825378],[-48.2580925,-21.8826133],[-48.2579733,-21.8827049],[-48.2578377,-21.8828078],[-48.2577719,-21.882907],[-48.2577637,-21.8830062],[-48.2578377,-21.8831244],[-48.2579528,-21.8831702],[-48.2580843,-21.8831587],[-48.258261,-21.8831244],[-48.2584295,-21.883132],[-48.2586433,-21.883174],[-48.2587789,-21.8832274],[-48.2588159,-21.8833227],[-48.2588036,-21.8834448],[-48.2586885,-21.8834982],[-48.2585158,-21.883502],[-48.2583514,-21.8835439],[-48.2582405,-21.8836316],[-48.2581788,-21.8837461],[-48.2581706,-21.8838605],[-48.2582446,-21.8840092],[-48.2583556,-21.884116],[-48.2585117,-21.8841999],[-48.2585939,-21.8843029],[-48.2585734,-21.8844516],[-48.2584419,-21.8844974],[-48.2582323,-21.8845508],[-48.2581131,-21.8845546],[-48.2579404,-21.884608],[-48.2577884,-21.8846805],[-48.2577308,-21.8847911],[-48.2577226,-21.8849207],[-48.2577966,-21.8850847],[-48.257887,-21.8851953],[-48.2580021,-21.8852297],[-48.2581254,-21.8851915],[-48.2582569,-21.8851153],[-48.2583843,-21.8850542],[-48.25852,-21.8850504],[-48.2587337,-21.8851725],[-48.2588858,-21.885306],[-48.2590132,-21.8854623],[-48.2590913,-21.8856416],[-48.2590789,-21.8858475],[-48.2589597,-21.8861641],[-48.2588693,-21.8863357],[-48.2587378,-21.8865378],[-48.2586227,-21.8868086],[-48.2585816,-21.8870069],[-48.2584789,-21.88719],[-48.2582939,-21.8873006],[-48.2580555,-21.887457],[-48.2578377,-21.8876057],[-48.257739,-21.8877163],[-48.2576322,-21.8878498],[-48.2575993,-21.88801],[-48.2576116,-21.8882312],[-48.2577103,-21.8884371],[-48.2578788,-21.8885401],[-48.2580925,-21.8885439],[-48.2582692,-21.8884905],[-48.2584501,-21.8882846],[-48.2586392,-21.888029],[-48.2587666,-21.8878307],[-48.2589145,-21.8877697],[-48.2590584,-21.887804],[-48.259083,-21.8879261],[-48.2590255,-21.8881091],[-48.2587871,-21.8884714],[-48.2587049,-21.8886774],[-48.2586967,-21.888952],[-48.258746,-21.889196],[-48.2587296,-21.8894287],[-48.258672,-21.8896079],[-48.2585816,-21.8897796],[-48.2583843,-21.8900274],[-48.2581254,-21.8902334],[-48.2579487,-21.8902601],[-48.2577801,-21.89018],[-48.2576856,-21.8900503],[-48.2576363,-21.8898863],[-48.2579569,-21.8897719],[-48.258109,-21.8897147],[-48.2581953,-21.8895431],[-48.2582199,-21.88936],[-48.2581377,-21.8891541],[-48.2579733,-21.8889977],[-48.2578171,-21.8888414],[-48.257624,-21.8886888],[-48.2574143,-21.8885897],[-48.2572047,-21.8885363],[-48.2569417,-21.8885325],[-48.2568102,-21.8886659],[-48.2568019,-21.8888871],[-48.2566992,-21.8892533],[-48.2566006,-21.8894363],[-48.2564608,-21.8895774],[-48.2561443,-21.8897872],[-48.255795,-21.8900961],[-48.2556224,-21.8902753],[-48.2554497,-21.8903821],[-48.2551867,-21.8904355],[-48.2548702,-21.8904126],[-48.2546359,-21.8903325],[-48.2544304,-21.8902334],[-48.2542331,-21.8900808],[-48.2539907,-21.8900008],[-48.2537482,-21.8900503],[-48.2535673,-21.8901533],[-48.2534235,-21.8903707],[-48.2533905,-21.8906216],[-48.2534646,-21.8907559],[-48.2536413,-21.890836],[-48.2538673,-21.8908894],[-48.254114,-21.8908817],[-48.2543647,-21.8908321],[-48.2546154,-21.890836],[-48.2548393,-21.8909213],[-48.254958,-21.8910067],[-48.2550321,-21.8911361],[-48.2550351,-21.891315],[-48.2548749,-21.8915078],[-48.2547117,-21.8916978],[-48.2546398,-21.8919137],[-48.254644,-21.8920812],[-48.2547909,-21.8922603],[-48.2548454,-21.8924355],[-48.2548776,-21.8926024],[-48.2548419,-21.8927164],[-48.2547594,-21.892771],[-48.2546434,-21.8927637],[-48.2545752,-21.8926087],[-48.2544862,-21.8923774],[-48.2543675,-21.8922067],[-48.254148,-21.8921241],[-48.2539462,-21.8921351],[-48.2537563,-21.8922067],[-48.2536138,-21.8923884],[-48.2534951,-21.8926693],[-48.2533646,-21.8929226],[-48.2531509,-21.8930603],[-48.2528008,-21.8931869],[-48.2524625,-21.8931539],[-48.2521717,-21.8932034],[-48.2519877,-21.8933136],[-48.2516317,-21.8935393],[-48.2514239,-21.8937266],[-48.2511213,-21.8938587],[-48.2507771,-21.8938973],[-48.2504032,-21.8938367],[-48.2502845,-21.8937321],[-48.2499462,-21.8936495],[-48.2494121,-21.8935889],[-48.2488008,-21.893644],[-48.2484982,-21.8935448],[-48.2482548,-21.8933466],[-48.2480709,-21.893264],[-48.2477326,-21.8933136],[-48.2474062,-21.8933796],[-48.2471035,-21.8933356],[-48.2468839,-21.8931759],[-48.2465694,-21.8929556],[-48.2463083,-21.8928345],[-48.2460471,-21.892851],[-48.2458988,-21.8929611],[-48.2458572,-21.8931484],[-48.2459166,-21.8933631],[-48.2460946,-21.8936054],[-48.2462074,-21.8938037],[-48.2462786,-21.8940459],[-48.2462549,-21.8943158],[-48.2460887,-21.8945085],[-48.2458988,-21.8946021],[-48.2457742,-21.8945526],[-48.2457445,-21.8943598],[-48.2457207,-21.8940515],[-48.2456911,-21.8937431],[-48.2455664,-21.8934237],[-48.2453825,-21.8932255],[-48.2451748,-21.8931869],[-48.2449789,-21.893264],[-48.2448958,-21.8934788],[-48.2450086,-21.8937156],[-48.2451154,-21.8940019],[-48.2451332,-21.8942772],[-48.2450205,-21.8947563],[-48.2449433,-21.8951803],[-48.2449374,-21.8954501],[-48.2449611,-21.8960559],[-48.2449077,-21.8963917],[-48.2447356,-21.8967276],[-48.244611,-21.8967827],[-48.2444626,-21.8966891],[-48.2442371,-21.896612],[-48.2440294,-21.8967056],[-48.243881,-21.8968763],[-48.2438335,-21.8970746],[-48.243697,-21.8971572],[-48.2435368,-21.8971296],[-48.2434596,-21.8969865],[-48.2434596,-21.8967717],[-48.2435071,-21.8965569],[-48.2434181,-21.8963917],[-48.2432519,-21.8963532],[-48.2430501,-21.8964468],[-48.2428602,-21.896623],[-48.2426822,-21.8968983],[-48.2426407,-21.8971351],[-48.2427415,-21.8972783],[-48.242878,-21.8974105],[-48.2428958,-21.8975646],[-48.2427653,-21.8977133],[-48.2425398,-21.8977078],[-48.2422312,-21.8978014],[-48.2421184,-21.8980822],[-48.2421777,-21.8986274],[-48.2421421,-21.8987761],[-48.2419404,-21.898765],[-48.241697,-21.8987926],[-48.2415783,-21.8989357],[-48.2416318,-21.8991725],[-48.2418335,-21.8994038],[-48.2419344,-21.8996075],[-48.2420294,-21.8998443],[-48.2420294,-21.9000866],[-48.2418513,-21.9001912],[-48.2415605,-21.9002132],[-48.2412876,-21.9002463],[-48.2411511,-21.900439],[-48.2411392,-21.9007363],[-48.2411095,-21.9009896],[-48.2410027,-21.9013255],[-48.2408306,-21.9014522],[-48.2406525,-21.9014632],[-48.2405398,-21.9013641],[-48.2406466,-21.9009015],[-48.240611,-21.9007363],[-48.2404508,-21.9007308],[-48.2403617,-21.9008465],[-48.2402905,-21.9010557],[-48.240154,-21.9013696],[-48.2399463,-21.9015237],[-48.2397861,-21.9016669],[-48.2397327,-21.9018817],[-48.2398632,-21.9020689],[-48.2400413,-21.902223],[-48.2402668,-21.9024048],[-48.2403499,-21.9025589],[-48.240338,-21.9027461],[-48.2401896,-21.9028728],[-48.2400294,-21.9029389],[-48.2398217,-21.9029058],[-48.2397208,-21.9027792],[-48.2396793,-21.9026195],[-48.2395606,-21.9024929],[-48.2394003,-21.9024488],[-48.2392104,-21.9025039],[-48.2391273,-21.902636],[-48.2391807,-21.9028728],[-48.2391867,-21.9030985],[-48.239068,-21.9032417],[-48.2388662,-21.9032968],[-48.2387,-21.9034675],[-48.2386882,-21.9036712],[-48.2387416,-21.9039355],[-48.2389078,-21.9040787],[-48.2391036,-21.9040897],[-48.2393172,-21.9039465],[-48.2394419,-21.9036987],[-48.2396318,-21.9035335],[-48.2398988,-21.9033849],[-48.2401006,-21.9033353],[-48.2403024,-21.9033628],[-48.2404033,-21.903517],[-48.2401718,-21.9038749],[-48.239798,-21.9044366],[-48.2394834,-21.9048991],[-48.2392935,-21.9051359],[-48.2391689,-21.9054057],[-48.2389849,-21.9056039],[-48.2387475,-21.9056975],[-48.2384983,-21.9057195],[-48.2382905,-21.9057525],[-48.2381125,-21.9058572],[-48.2380532,-21.9059948],[-48.2381244,-21.9060884],[-48.2382371,-21.9061159],[-48.238433,-21.9060444],[-48.2386407,-21.9060334],[-48.2387178,-21.906127],[-48.2386644,-21.9062866],[-48.2385042,-21.9064628],[-48.2383618,-21.906595],[-48.2381125,-21.9067051],[-48.2378692,-21.9067877],[-48.2377149,-21.9069088],[-48.2376437,-21.907074],[-48.2376437,-21.9072282],[-48.237792,-21.9073218],[-48.2380413,-21.9073548],[-48.2383478,-21.9074117],[-48.2385021,-21.9074998],[-48.2385436,-21.9076209],[-48.2385199,-21.9077751],[-48.23833,-21.9078852],[-48.237968,-21.9080009],[-48.2377128,-21.9080504],[-48.2372855,-21.9079953],[-48.2371371,-21.9080889],[-48.2370481,-21.9082872],[-48.2370837,-21.9084358],[-48.2372202,-21.9085129],[-48.2374754,-21.908557],[-48.2377009,-21.9084413],[-48.2379205,-21.9082982],[-48.2380867,-21.9082817],[-48.2382172,-21.9083753],[-48.238235,-21.9085625],[-48.2381223,-21.9086891],[-48.2378671,-21.9087717],[-48.2376534,-21.9089424],[-48.2376,-21.9092177],[-48.2376772,-21.9094214],[-48.2378493,-21.909493],[-48.2380926,-21.9095536],[-48.2382291,-21.9096582],[-48.238235,-21.9098123],[-48.238057,-21.9101757],[-48.2377187,-21.9105777],[-48.2374754,-21.9107704],[-48.2373982,-21.9109961],[-48.2373211,-21.911354],[-48.2371431,-21.9114862],[-48.2369472,-21.9114696],[-48.236781,-21.911365],[-48.236781,-21.9111668],[-48.2368463,-21.910919],[-48.2367929,-21.9106162],[-48.2366564,-21.910005],[-48.2365021,-21.9098564],[-48.2362291,-21.9098178],[-48.2359917,-21.909928],[-48.2358671,-21.9100491],[-48.2357425,-21.9102363],[-48.2357069,-21.9104345],[-48.2356297,-21.9105887],[-48.2354279,-21.9107759],[-48.2353923,-21.9109741],[-48.2354042,-21.9112109],[-48.2355407,-21.9113815],[-48.2357484,-21.9115632],[-48.2358849,-21.9117284],[-48.2360155,-21.9119762],[-48.2360333,-21.9121689],[-48.2359858,-21.9123506],[-48.2357603,-21.9125763],[-48.2355229,-21.9129452],[-48.235422,-21.9132646],[-48.2351727,-21.9136114],[-48.2349354,-21.9138977],[-48.2346208,-21.9141345],[-48.2341342,-21.9144318],[-48.2337306,-21.9147126],[-48.2334102,-21.9149053],[-48.232971,-21.9150374],[-48.2326446,-21.9151861],[-48.2323657,-21.9153348],[-48.2321876,-21.9154504],[-48.2320036,-21.9156871],[-48.232063,-21.9159734],[-48.2323004,-21.9162652],[-48.2325318,-21.9164965],[-48.2327336,-21.9168488],[-48.2328701,-21.9171737],[-48.2330765,-21.9176326],[-48.2331774,-21.9178913],[-48.2332308,-21.9181281],[-48.2331596,-21.9182547],[-48.2330765,-21.9182162],[-48.2329281,-21.918029],[-48.2327442,-21.9178198],[-48.2326611,-21.9176106],[-48.2326195,-21.9173408],[-48.2325602,-21.9171095],[-48.2324356,-21.9170159],[-48.2322635,-21.917038],[-48.2321507,-21.9171646],[-48.232127,-21.9173573],[-48.2321982,-21.917605],[-48.2322397,-21.9178143],[-48.2322397,-21.918051],[-48.2320795,-21.9182492],[-48.231854,-21.9183703],[-48.2317056,-21.91853],[-48.2315674,-21.9187073],[-48.231517,-21.9189603],[-48.2314415,-21.9192251],[-48.2312622,-21.9194821],[-48.2310426,-21.9196362],[-48.2307934,-21.9197794],[-48.2306094,-21.9199115],[-48.2304135,-21.9200987],[-48.2303305,-21.9203189],[-48.2303008,-21.92044],[-48.230461,-21.9205391],[-48.2306687,-21.9205612],[-48.230823,-21.9207594],[-48.2308527,-21.9209906],[-48.2306569,-21.9212659],[-48.2305738,-21.9214861],[-48.2306747,-21.9217008],[-48.2308408,-21.921855],[-48.2309061,-21.9220367],[-48.2309061,-21.9222459],[-48.2308349,-21.9224551],[-48.23055,-21.9227138],[-48.2300219,-21.9227359],[-48.2298676,-21.9228405],[-48.2297963,-21.9230221],[-48.2298794,-21.9231488],[-48.2302533,-21.9232258],[-48.2303779,-21.9233855],[-48.230372,-21.9236608],[-48.2301405,-21.9240627],[-48.2299447,-21.9243435],[-48.2298735,-21.9246352],[-48.229826,-21.924861],[-48.2297192,-21.9251473],[-48.2295946,-21.9253234],[-48.2293453,-21.9255161],[-48.2292041,-21.9255727],[-48.2290842,-21.9256207],[-48.2288052,-21.9256923],[-48.2285738,-21.9257033],[-48.2284373,-21.9256097],[-48.2284136,-21.925428],[-48.2285323,-21.9252959],[-48.2287578,-21.9252078],[-48.2289061,-21.9250702],[-48.2289061,-21.9248885],[-48.2287756,-21.9248059],[-48.2285679,-21.9247233],[-48.2284254,-21.9246573],[-48.2283245,-21.9245086],[-48.2281702,-21.924426],[-48.2280634,-21.9245196],[-48.2280872,-21.9246683],[-48.2281762,-21.9247784],[-48.2281762,-21.9249876],[-48.2280694,-21.9250867],[-48.2278498,-21.9251307],[-48.2276955,-21.9252243],[-48.2275886,-21.9254501],[-48.2274996,-21.9257363],[-48.2273631,-21.9259731],[-48.2272148,-21.9260611],[-48.2269833,-21.9260942],[-48.2267815,-21.9260391],[-48.2266806,-21.925874],[-48.2266866,-21.9256372],[-48.2267993,-21.925384],[-48.2268171,-21.9251913],[-48.2267934,-21.9250316],[-48.2265857,-21.9248224],[-48.2261643,-21.9246518],[-48.2259507,-21.9245086],[-48.2257074,-21.9243269],[-48.2256183,-21.9241618],[-48.2254462,-21.9235947],[-48.2253157,-21.9233635],[-48.2251554,-21.9232148],[-48.2249359,-21.9232369],[-48.2246688,-21.9232258],[-48.2243839,-21.9231763],[-48.2241465,-21.9230717],[-48.2240635,-21.9229341],[-48.2239863,-21.9228295],[-48.2237667,-21.9227909],[-48.2234522,-21.9228515],[-48.2232801,-21.922868],[-48.223102,-21.9228515],[-48.223019,-21.9227744],[-48.2230368,-21.9226202],[-48.2231495,-21.9224441],[-48.2232979,-21.9222844],[-48.2233869,-21.9220917],[-48.2233928,-21.9218605],[-48.2232623,-21.9216127],[-48.2230427,-21.9214531],[-48.2228172,-21.921431],[-48.2225976,-21.9214421],[-48.2225501,-21.9215577],[-48.2226035,-21.9217449],[-48.2226273,-21.9219376],[-48.2225739,-21.9221137],[-48.222562,-21.9222844],[-48.2225739,-21.9224276],[-48.2225679,-21.9226147],[-48.222467,-21.9227304],[-48.2223127,-21.9227524],[-48.2220457,-21.9227138],[-48.2218736,-21.9227689],[-48.2217549,-21.9228955],[-48.2216659,-21.9229561],[-48.2215472,-21.9229451],[-48.2214641,-21.922846],[-48.2214201,-21.9226782],[-48.2213174,-21.9225222],[-48.2211684,-21.9224649],[-48.2209767,-21.9224872],[-48.2207018,-21.9226278],[-48.220492,-21.9228107],[-48.2202528,-21.923239],[-48.2200766,-21.9234102],[-48.2199255,-21.9235387],[-48.2198332,-21.9236594],[-48.2197828,-21.923784],[-48.2197199,-21.9238852],[-48.2196066,-21.9239046],[-48.2195226,-21.9238229],[-48.2194639,-21.9236711],[-48.2193338,-21.9235699],[-48.2191785,-21.9235621],[-48.219082,-21.9236633],[-48.2190023,-21.9238424],[-48.2189897,-21.9240098],[-48.2188806,-21.9241227],[-48.2187337,-21.9242044],[-48.2184777,-21.9242784],[-48.2182301,-21.9242862],[-48.2180035,-21.9242161],[-48.2177685,-21.9241927],[-48.2172146,-21.9242628],[-48.2169083,-21.9243251],[-48.2166187,-21.924438],[-48.2164089,-21.9244341],[-48.2160816,-21.9244652],[-48.2158592,-21.9244652],[-48.2157081,-21.9245859],[-48.2155067,-21.9248],[-48.2153136,-21.9249051],[-48.2150954,-21.9249285],[-48.2148688,-21.9248545],[-48.2147219,-21.9248701],[-48.2146254,-21.9249713],[-48.2146422,-21.9250842],[-48.2147765,-21.9251776],[-48.2149653,-21.9251776],[-48.2151164,-21.9252282],[-48.2152465,-21.9253567],[-48.2153472,-21.9255747],[-48.2154395,-21.9257149],[-48.2156032,-21.9258122],[-48.2156619,-21.9259406],[-48.21562,-21.9261548],[-48.2154773,-21.9263844],[-48.2152466,-21.926651],[-48.2151011,-21.926769],[-48.2148406,-21.9268702],[-48.2145497,-21.926932],[-48.2141922,-21.9269714],[-48.2138832,-21.9269601],[-48.2136408,-21.9268646],[-48.213453,-21.9268027],[-48.2133076,-21.926814],[-48.2132167,-21.9269039],[-48.213253,-21.9270388],[-48.2134348,-21.9271175],[-48.2135863,-21.9271962],[-48.2136711,-21.9273367],[-48.2136772,-21.9275728],[-48.2135984,-21.9277527],[-48.2134712,-21.9279326],[-48.2135015,-21.9281518],[-48.2136833,-21.9282811],[-48.2138166,-21.9283822],[-48.2138105,-21.9284947],[-48.2136893,-21.9285509],[-48.2134288,-21.9285396],[-48.2129016,-21.9285958],[-48.2126592,-21.9286352],[-48.2124896,-21.928815],[-48.2124411,-21.9289949],[-48.2125683,-21.9292141],[-48.2125502,-21.929394],[-48.2124047,-21.9295345],[-48.212223,-21.9296188],[-48.2119866,-21.9295683],[-48.2118473,-21.9294165],[-48.2116473,-21.9292816],[-48.2113868,-21.9292872],[-48.2112171,-21.929439],[-48.2111747,-21.9296132],[-48.2112535,-21.9298437],[-48.2114171,-21.9299336],[-48.2117261,-21.9300516],[-48.2118291,-21.9301697],[-48.211817,-21.9303046],[-48.2115988,-21.9304114],[-48.2112898,-21.9304114],[-48.2109808,-21.9303945],[-48.2107627,-21.9304282],[-48.2106233,-21.9306194],[-48.2105263,-21.9308442],[-48.2105385,-21.9310128],[-48.2104536,-21.931232],[-48.2103264,-21.9314231],[-48.2101749,-21.9315243],[-48.2100537,-21.9315356],[-48.2099568,-21.9314119],[-48.2099507,-21.9311702],[-48.2100052,-21.9308892],[-48.2099931,-21.9307318],[-48.2098295,-21.9306924],[-48.2096538,-21.9307599],[-48.2094841,-21.9309341],[-48.2092357,-21.9310353],[-48.2088843,-21.9311028],[-48.2086661,-21.9311983],[-48.2083692,-21.9313782],[-48.2081208,-21.9315075],[-48.2078966,-21.9315524],[-48.2077027,-21.9315299],[-48.2075451,-21.9314231],[-48.2073331,-21.9312714],[-48.2070543,-21.9310241],[-48.2067514,-21.9309454],[-48.2064363,-21.9309285],[-48.2062242,-21.9309116],[-48.2060303,-21.9307936],[-48.205994,-21.9306306],[-48.2061091,-21.9304957],[-48.2062848,-21.9303608],[-48.2063393,-21.9302034],[-48.2062666,-21.9300741],[-48.2060909,-21.9300235],[-48.2058061,-21.9300348],[-48.2056304,-21.9300348],[-48.2056304,-21.9299224],[-48.2057576,-21.92981],[-48.2058909,-21.9296357],[-48.2059031,-21.9294727],[-48.2058182,-21.9292647],[-48.205588,-21.9290905],[-48.2052547,-21.9289556],[-48.2051154,-21.9287813],[-48.2049093,-21.9286464],[-48.2045034,-21.9285396],[-48.2042125,-21.9285509],[-48.2040429,-21.9286801],[-48.2039338,-21.9289387],[-48.2039217,-21.9293097],[-48.2039398,-21.9296469],[-48.2039701,-21.9299505],[-48.2040307,-21.9302315],[-48.2041337,-21.9304788],[-48.2041883,-21.9306756],[-48.2041519,-21.9308273],[-48.2038914,-21.9309622],[-48.2033279,-21.9312377],[-48.2030067,-21.9314063],[-48.2027704,-21.9316311],[-48.2025462,-21.9318728],[-48.2023887,-21.9321201],[-48.2023038,-21.9323281],[-48.2023765,-21.9325192],[-48.2025826,-21.9326429],[-48.202734,-21.932744],[-48.2028613,-21.9328902],[-48.2029279,-21.9330869],[-48.2028855,-21.9332499],[-48.2026553,-21.9332836],[-48.202425,-21.9332499],[-48.202219,-21.9333117],[-48.2021463,-21.9334916],[-48.2022251,-21.9336827],[-48.2023402,-21.9338288],[-48.2025341,-21.933885],[-48.2027462,-21.9339525],[-48.2030431,-21.9340368],[-48.2032976,-21.934138],[-48.2034793,-21.9343459],[-48.2035642,-21.9345651],[-48.203552,-21.9347563],[-48.2034915,-21.9349024],[-48.2032915,-21.9349698],[-48.2030734,-21.9349642],[-48.2028795,-21.9349136],[-48.2026553,-21.9347225],[-48.2024008,-21.934537],[-48.2021948,-21.9344302],[-48.202013,-21.9344302],[-48.2018918,-21.9345258],[-48.2018554,-21.9346663],[-48.2019342,-21.9348125],[-48.2020554,-21.9350036],[-48.2020433,-21.9352902],[-48.2019766,-21.9354982],[-48.2019645,-21.9356893],[-48.2020312,-21.9358972],[-48.2021766,-21.9359703],[-48.2022796,-21.9361333],[-48.2023523,-21.936375],[-48.2023402,-21.9366954],[-48.2022614,-21.937027],[-48.2021948,-21.9371619],[-48.2020675,-21.9372012],[-48.2019827,-21.9371169],[-48.2019281,-21.9369371],[-48.2017948,-21.9368247],[-48.2015888,-21.9367403],[-48.2013767,-21.9368078],[-48.2013707,-21.9369877],[-48.2013949,-21.9371956],[-48.2015646,-21.9373811],[-48.2017342,-21.9376284],[-48.2018494,-21.9378982],[-48.2019342,-21.9382635],[-48.2019524,-21.9385558],[-48.2018494,-21.9387244],[-48.2017948,-21.9389099],[-48.2018009,-21.9390841],[-48.2017161,-21.9392246],[-48.2015403,-21.9392471],[-48.2011465,-21.9391516],[-48.2009889,-21.9392246],[-48.2009041,-21.9393539],[-48.2009465,-21.9394888],[-48.2011404,-21.9396911],[-48.2013101,-21.9397811],[-48.2013949,-21.9399497],[-48.2013828,-21.9401689],[-48.2012071,-21.94036],[-48.2010859,-21.940523],[-48.2010192,-21.9407928],[-48.2011162,-21.9410457],[-48.2012616,-21.9411637],[-48.2014373,-21.9411525],[-48.2016191,-21.9410176],[-48.2018918,-21.9409276],[-48.2022069,-21.9409276],[-48.2024917,-21.9410232],[-48.202625,-21.9411468],[-48.2026492,-21.9413211],[-48.2024977,-21.9414391],[-48.2022069,-21.9414054],[-48.2019645,-21.941366],[-48.2015282,-21.9414279],[-48.2013404,-21.9415909],[-48.2012556,-21.9418044],[-48.2011283,-21.9419674],[-48.2009162,-21.9421304],[-48.2006799,-21.942299],[-48.2004315,-21.9426025],[-48.2002618,-21.9427768],[-48.2000063,-21.9430225],[-48.1998498,-21.9430241],[-48.1997407,-21.9429004],[-48.1997468,-21.9427093],[-48.1998316,-21.9424789],[-48.1998195,-21.9422934],[-48.1996801,-21.9422203],[-48.1995165,-21.9422653],[-48.1993772,-21.9424058],[-48.1993166,-21.9425744],[-48.1993893,-21.9428105],[-48.1994256,-21.9430184],[-48.1993348,-21.9431814],[-48.1991166,-21.9431927],[-48.1988985,-21.9430915],[-48.1986561,-21.9430409],[-48.1984077,-21.9430746],[-48.1982925,-21.9432601],[-48.1983713,-21.9435692],[-48.1984259,-21.9437491],[-48.198438,-21.9439851],[-48.1983228,-21.9441144],[-48.1981289,-21.94412],[-48.1979472,-21.9439851],[-48.1978381,-21.9438783],[-48.19762,-21.9438446],[-48.1974745,-21.9439289],[-48.19742,-21.9440582],[-48.1974564,-21.9441537],[-48.1976442,-21.9442324],[-48.1978502,-21.9443336],[-48.1979532,-21.9444853],[-48.1978987,-21.9446708],[-48.1977048,-21.9447888],[-48.1974503,-21.9448226],[-48.1971352,-21.9449181],[-48.1968565,-21.945053],[-48.1964869,-21.9451598],[-48.1962808,-21.9452666],[-48.1962505,-21.9454352],[-48.1962505,-21.9456487],[-48.196402,-21.9458174],[-48.1966808,-21.9460309],[-48.1967474,-21.9462389],[-48.1967292,-21.9464918],[-48.1966141,-21.9466267],[-48.1963233,-21.9467278],[-48.1961294,-21.9466548],[-48.1959597,-21.9464805],[-48.1957234,-21.946385],[-48.1954992,-21.9464918],[-48.1953235,-21.9466997],[-48.1952168,-21.94704],[-48.1953538,-21.9472674],[-48.1955719,-21.9472337],[-48.1957234,-21.9471269],[-48.1959839,-21.9470538],[-48.1961294,-21.94711],[-48.1962627,-21.9472112],[-48.1964323,-21.9473123],[-48.1966565,-21.9473236],[-48.1968141,-21.9473236],[-48.1969413,-21.9473966],[-48.197008,-21.9475652],[-48.1969656,-21.9477788],[-48.1968019,-21.9478744],[-48.1966202,-21.9478912],[-48.1964384,-21.9478856],[-48.1963354,-21.9479811],[-48.1963111,-21.9481554],[-48.196299,-21.9485038],[-48.196196,-21.9486668],[-48.1960203,-21.948841],[-48.195893,-21.949049],[-48.195887,-21.9492963],[-48.1959779,-21.949493],[-48.1962324,-21.9496616],[-48.1964323,-21.9498414],[-48.1965353,-21.950055],[-48.1965535,-21.9502685],[-48.1964626,-21.9503697],[-48.1963596,-21.9503697],[-48.1962081,-21.950128],[-48.1961051,-21.9500493],[-48.1959355,-21.9500718],[-48.1958749,-21.9502741],[-48.1958749,-21.9505327],[-48.1957476,-21.95069],[-48.195578,-21.9508362],[-48.1955416,-21.9510385],[-48.1955901,-21.9512408],[-48.1959658,-21.9515836],[-48.1960809,-21.9517522],[-48.1961233,-21.9519377],[-48.1960324,-21.9521231],[-48.1958628,-21.9522243],[-48.1956446,-21.9522861],[-48.1954628,-21.9523873],[-48.1953719,-21.9525446],[-48.1954022,-21.9528088],[-48.1955174,-21.9529774],[-48.1957476,-21.9530561],[-48.1960748,-21.953146],[-48.1963051,-21.9532415],[-48.196396,-21.9533427],[-48.1964081,-21.9535225],[-48.196299,-21.9536462],[-48.1960688,-21.9536574],[-48.1958446,-21.9535787],[-48.1955901,-21.9535675],[-48.1953841,-21.9536574],[-48.1952205,-21.9538091],[-48.1951417,-21.9539834],[-48.1951478,-21.9541576],[-48.1952083,-21.9543487],[-48.1954507,-21.954506],[-48.1956991,-21.9544948],[-48.1958749,-21.9543936],[-48.1960809,-21.9541913],[-48.1962021,-21.9541407],[-48.1964142,-21.9542082],[-48.196499,-21.954343],[-48.1964687,-21.9546072],[-48.1964323,-21.9548488],[-48.1965353,-21.9551354],[-48.1966565,-21.9552984],[-48.1966141,-21.9555176],[-48.1964081,-21.9557368],[-48.1962324,-21.9559054],[-48.1961233,-21.9561358],[-48.1960627,-21.9563381],[-48.1958688,-21.9564561],[-48.1956991,-21.9563999],[-48.1955961,-21.9562931],[-48.195578,-21.9560571],[-48.1954628,-21.9558267],[-48.1953053,-21.9557424],[-48.1950447,-21.9557873],[-48.1947781,-21.9559953],[-48.1945903,-21.9562257],[-48.1945115,-21.9565011],[-48.1946448,-21.9566697],[-48.1947963,-21.9568495],[-48.1947963,-21.9570406],[-48.1946509,-21.9571417],[-48.1944388,-21.9571192],[-48.1941783,-21.9571979],[-48.1938268,-21.9574227],[-48.1936087,-21.9574677],[-48.1933481,-21.9575969],[-48.1930936,-21.9576419],[-48.1927846,-21.9576475],[-48.1926089,-21.9577655],[-48.1925604,-21.9579791],[-48.1926998,-21.958142],[-48.1929482,-21.9582263],[-48.1937965,-21.9582432],[-48.1940328,-21.9582544],[-48.1941419,-21.95835],[-48.1941722,-21.9585242],[-48.1940692,-21.9586422],[-48.1937662,-21.9588052],[-48.1934087,-21.9588501],[-48.1929846,-21.958822],[-48.1927301,-21.9588951],[-48.1925301,-21.9591592],[-48.1923908,-21.9592379],[-48.1922029,-21.9592042],[-48.1920757,-21.9587939],[-48.1919302,-21.9586366],[-48.1916758,-21.9585411],[-48.191391,-21.9585073],[-48.1911183,-21.9584568],[-48.1909426,-21.95835],[-48.1908153,-21.9581814],[-48.1907063,-21.9581308],[-48.1905487,-21.9581701],[-48.1904578,-21.958305],[-48.1904396,-21.9584624],[-48.1905427,-21.9586872],[-48.1907487,-21.9587939],[-48.1909002,-21.9589007],[-48.1910395,-21.9590581],[-48.1910698,-21.9592042],[-48.1909486,-21.9593053],[-48.1907487,-21.9593784],[-48.190579,-21.9594121],[-48.1905487,-21.9595076],[-48.1905608,-21.9596257],[-48.1906517,-21.9597437],[-48.1908032,-21.9598392],[-48.1909971,-21.9599123],[-48.1911486,-21.960019],[-48.1912213,-21.9601314],[-48.1912819,-21.9603113],[-48.1912516,-21.9604855],[-48.191191,-21.9607665],[-48.1909971,-21.9610755],[-48.1907911,-21.9612666],[-48.1907134,-21.9613284],[-48.1905961,-21.9614216],[-48.1903009,-21.9618404],[-48.1900952,-21.9622219],[-48.1898724,-21.9628179],[-48.1895811,-21.9631755],[-48.1892811,-21.9634855],[-48.189204,-21.9637875],[-48.1890584,-21.9641848],[-48.1888441,-21.9644471],[-48.1886042,-21.9648365],[-48.1885356,-21.9651941],[-48.18839,-21.9655438],[-48.1880729,-21.9658855],[-48.1877301,-21.9663703],[-48.1875416,-21.9666802],[-48.1873188,-21.966871],[-48.186976,-21.966871],[-48.1866504,-21.9667836],[-48.1863248,-21.9665213],[-48.1861534,-21.9662114],[-48.1860163,-21.9657584],[-48.185922,-21.9653849],[-48.1857164,-21.9651306],[-48.1854079,-21.9650193],[-48.1851165,-21.9651703],[-48.1850051,-21.9654246],[-48.1849794,-21.9657186],[-48.185108,-21.965965],[-48.1853393,-21.9663703],[-48.1854507,-21.9669107],[-48.1853308,-21.9670855],[-48.1850051,-21.9672048],[-48.1847223,-21.9671968],[-48.1845595,-21.9669266],[-48.1845852,-21.9666246],[-48.184551,-21.9663862],[-48.1844053,-21.9662432],[-48.1840882,-21.9662034],[-48.1837026,-21.9662352],[-48.1833256,-21.9662749],[-48.1830942,-21.9664418],[-48.1829485,-21.966712],[-48.1828285,-21.966871],[-48.1825972,-21.9668789],[-48.1824515,-21.96672],[-48.1823315,-21.966418],[-48.1821259,-21.9660604],[-48.1818688,-21.9657902],[-48.181526,-21.9654802],[-48.1813685,-21.9651483],[-48.1813546,-21.9649875],[-48.181209,-21.9649319],[-48.1808543,-21.9649267],[-48.1805938,-21.9648873],[-48.1804423,-21.964803],[-48.1802787,-21.9647019],[-48.1800666,-21.9647468],[-48.1799333,-21.9649267],[-48.1798364,-21.9651964],[-48.1797273,-21.9653537],[-48.1795031,-21.9655336],[-48.1792486,-21.9656122],[-48.1790062,-21.9655954],[-48.1788366,-21.9655055],[-48.1787457,-21.965365],[-48.1787942,-21.9650952],[-48.1789456,-21.9648929],[-48.1791214,-21.9647131],[-48.1791335,-21.9644883],[-48.1790547,-21.9642917],[-48.1787336,-21.9642692],[-48.1785154,-21.9642186],[-48.1783276,-21.9640556],[-48.178164,-21.9638702],[-48.1781155,-21.9636005],[-48.1780307,-21.9633026],[-48.1778489,-21.9630554],[-48.1776914,-21.962898],[-48.1774308,-21.9628643],[-48.1772612,-21.962943],[-48.177346,-21.9630947],[-48.1775278,-21.9632464],[-48.1776126,-21.9633981],[-48.1776005,-21.9636679],[-48.177449,-21.9638365],[-48.1771945,-21.9638927],[-48.1768188,-21.9638983],[-48.1765257,-21.9636298],[-48.1761572,-21.9635186],[-48.1758658,-21.9633676],[-48.1755831,-21.9632643],[-48.1753345,-21.9632802],[-48.1751632,-21.9631768],[-48.1750946,-21.9629066],[-48.1748461,-21.9626603],[-48.174529,-21.9626285],[-48.1743577,-21.9627397],[-48.1743919,-21.963153],[-48.1745548,-21.9634471],[-48.1746404,-21.9637014],[-48.1746404,-21.9639398],[-48.1744262,-21.9640272],[-48.1742634,-21.9638524],[-48.1742548,-21.9636378],[-48.1740749,-21.9635027],[-48.1738349,-21.9635345],[-48.1737835,-21.9637491],[-48.1738435,-21.9640034],[-48.1738178,-21.9642259],[-48.1736036,-21.9644802],[-48.173218,-21.964806],[-48.1727895,-21.9650365],[-48.1724035,-21.9653005],[-48.172406,-21.965585],[-48.1723696,-21.9658941],[-48.172103,-21.9660852],[-48.1718849,-21.9662088],[-48.1717819,-21.9663436],[-48.1718182,-21.9665459],[-48.1720424,-21.9666359],[-48.1723393,-21.9666808],[-48.1725514,-21.966737],[-48.1727574,-21.9668325],[-48.1729392,-21.9669899],[-48.1729937,-21.9671528],[-48.1728847,-21.9672877],[-48.1726605,-21.9672933],[-48.1723757,-21.9672989],[-48.1720424,-21.9673664],[-48.1718,-21.9675125],[-48.171697,-21.9676867],[-48.1716849,-21.9678946],[-48.1718243,-21.9680519],[-48.1721212,-21.96817],[-48.172309,-21.968288],[-48.1724787,-21.9685071],[-48.172618,-21.9687768],[-48.1726605,-21.9689904],[-48.1725453,-21.9691983],[-48.1722181,-21.9692994],[-48.1719515,-21.9695355],[-48.1716001,-21.9696797],[-48.1713105,-21.9695536],[-48.1711434,-21.9693986],[-48.1709634,-21.969192],[-48.1706635,-21.9691165],[-48.170415,-21.9691403],[-48.1701836,-21.9692635],[-48.1698751,-21.9696132],[-48.1694809,-21.9699986],[-48.1692881,-21.9702251],[-48.1691082,-21.9704675],[-48.1689111,-21.9705827],[-48.1686155,-21.9706423],[-48.1682855,-21.9706622],[-48.1679342,-21.9709006],[-48.1675143,-21.9711191],[-48.167365,-21.9712961],[-48.1672522,-21.9715782],[-48.1671877,-21.971832],[-48.1670104,-21.9719328],[-48.1668179,-21.9719336],[-48.1655992,-21.971444],[-48.1641093,-21.9711529],[-48.1631941,-21.9705275],[-48.1620941,-21.9699911],[-48.1610445,-21.9691018],[-48.1605519,-21.968873],[-48.1598774,-21.9682868],[-48.1577655,-21.9675704],[-48.1566853,-21.967309],[-48.1554371,-21.966536],[-48.155128,-21.9664657],[-48.1533027,-21.9665107],[-48.1526084,-21.9662648],[-48.1510512,-21.9652091],[-48.1499106,-21.9647431],[-48.1488652,-21.964176],[-48.147191,-21.9625961],[-48.1461548,-21.9620429],[-48.1457651,-21.9617567],[-48.1456347,-21.961661],[-48.1453604,-21.9615235],[-48.1445837,-21.9613969],[-48.1435775,-21.9608439],[-48.1432633,-21.9607823],[-48.1424633,-21.9608925],[-48.1410052,-21.960703],[-48.140655,-21.9607626],[-48.1393656,-21.9613456],[-48.137899,-21.9614572],[-48.1360343,-21.960978],[-48.1351616,-21.9609506],[-48.1340381,-21.9606821],[-48.1335105,-21.9606471],[-48.1323866,-21.9602248],[-48.1315211,-21.9601859],[-48.1309825,-21.9599733],[-48.1297953,-21.9593004],[-48.12916,-21.9592008],[-48.1284659,-21.959092],[-48.1275406,-21.9594927],[-48.1266903,-21.9596019],[-48.1256538,-21.9595982],[-48.1245735,-21.9600456],[-48.1236129,-21.9601031],[-48.1227792,-21.960489],[-48.1221297,-21.9606358],[-48.1217475,-21.9607222],[-48.1212298,-21.9607532],[-48.1203398,-21.9610481],[-48.119081,-21.9611498],[-48.1184384,-21.9610387],[-48.1177977,-21.9607397],[-48.1171935,-21.9606129],[-48.1165611,-21.9606785],[-48.1161121,-21.9604069],[-48.1154683,-21.9598073],[-48.1150151,-21.9595455],[-48.114372,-21.9593291],[-48.1135785,-21.9587898],[-48.1129924,-21.9586717],[-48.112373,-21.9587963],[-48.1120434,-21.9587773],[-48.1116039,-21.9586285],[-48.1105944,-21.9579708],[-48.1103002,-21.9576346],[-48.1097673,-21.9565585],[-48.1093039,-21.9560039],[-48.1075409,-21.9546158],[-48.1071358,-21.954174],[-48.1066951,-21.9533494],[-48.106244,-21.9528268],[-48.1055461,-21.9524843],[-48.1046527,-21.9522527],[-48.1038519,-21.9517985],[-48.1034601,-21.9517845],[-48.0955971,-21.9537775],[-48.0935192,-21.9539362],[-48.0917468,-21.953924],[-48.0902749,-21.9538137],[-48.0889211,-21.9536347],[-48.0860811,-21.9530606],[-48.0825067,-21.9529091],[-48.0811421,-21.9530139],[-48.0793374,-21.9534755],[-48.0782926,-21.9536485],[-48.0760785,-21.9535636],[-48.0719618,-21.9530559],[-48.0698405,-21.9529301],[-48.0682974,-21.9525049],[-48.067661,-21.9520601],[-48.067162,-21.9512011],[-48.067092,-21.9504402],[-48.0671404,-21.9496269],[-48.067629,-21.947408],[-48.0678105,-21.9460274],[-48.0678904,-21.9445018],[-48.0677468,-21.9431814],[-48.0671518,-21.9413006],[-48.066449,-21.9401013],[-48.064604,-21.9375791],[-48.0634618,-21.9352764],[-48.0634493,-21.9349962],[-48.0636009,-21.934613],[-48.0640231,-21.9341973],[-48.0646292,-21.9338079],[-48.0641789,-21.933548],[-48.063909,-21.9330516],[-48.0639364,-21.9326954],[-48.0644505,-21.9308859],[-48.0645333,-21.9293632],[-48.0647727,-21.9283354],[-48.0647685,-21.9278999],[-48.0644405,-21.9269381],[-48.0637997,-21.9260649],[-48.0635095,-21.9254266],[-48.0632249,-21.9250511],[-48.0607821,-21.9204644],[-48.068397,-21.9055507],[-48.0720497,-21.9049774],[-48.0735245,-21.9045255],[-48.0747686,-21.9039093],[-48.0757842,-21.9031397],[-48.0766792,-21.902273],[-48.0774892,-21.9011886],[-48.0781489,-21.8999548],[-48.0785256,-21.8987001],[-48.0787146,-21.8976768],[-48.0790626,-21.8929343],[-48.0792064,-21.8908119],[-48.079258,-21.8885922],[-48.0792607,-21.887618],[-48.0792547,-21.8872637],[-48.079222,-21.8869846],[-48.0791984,-21.8868249],[-48.0790102,-21.8861126],[-48.0787222,-21.8854664],[-48.0782349,-21.8847175],[-48.0777272,-21.884188],[-48.0773152,-21.8838922],[-48.076885,-21.8836402],[-48.0763419,-21.8833846],[-48.0754084,-21.8831145],[-48.0728666,-21.8828092],[-48.0666329,-21.8820927],[-48.0637083,-21.8818272],[-48.0620088,-21.8815979],[-48.0602452,-21.8808932],[-48.0587755,-21.8796204],[-48.0582327,-21.8788501],[-48.0577222,-21.8779156],[-48.0566943,-21.8755644],[-48.0550773,-21.8718658],[-48.05499,-21.8714138],[-48.0548985,-21.8709616],[-48.0548629,-21.8705012],[-48.0548717,-21.8699853],[-48.0549672,-21.8694938],[-48.0551439,-21.8689501],[-48.0553742,-21.8683978],[-48.0556385,-21.8679822],[-48.0562422,-21.8672966],[-48.0565904,-21.866993],[-48.0572213,-21.8664981],[-48.0585976,-21.8654573],[-48.0598962,-21.8644864],[-48.0614699,-21.8633217],[-48.0620114,-21.8630953],[-48.062723,-21.8628568],[-48.0631332,-21.8627603],[-48.0635879,-21.8626711],[-48.0641739,-21.8626079],[-48.0678561,-21.8626475],[-48.0689086,-21.8626081],[-48.0699696,-21.8623669],[-48.0716843,-21.8615713],[-48.0838116,-21.8552187],[-48.0843041,-21.8549051],[-48.0846117,-21.8546628],[-48.0849301,-21.8543682],[-48.085155,-21.8541361],[-48.0857443,-21.8533188],[-48.0859846,-21.8527738],[-48.0862613,-21.8515641],[-48.0863081,-21.8505727],[-48.086312,-21.849153],[-48.0863163,-21.8470925],[-48.0863339,-21.845129],[-48.0863509,-21.8431332],[-48.0863894,-21.84128],[-48.0864871,-21.8405815],[-48.0866832,-21.8398906],[-48.0869486,-21.8392794],[-48.0873727,-21.8385682],[-48.0880907,-21.8377812],[-48.0888622,-21.8370738],[-48.0941428,-21.8342472],[-48.0969477,-21.8327618],[-48.098001,-21.8319977],[-48.0996445,-21.8305562],[-48.1009578,-21.8293785],[-48.1025058,-21.8279636],[-48.1033373,-21.8271868],[-48.1035733,-21.8269428],[-48.1037841,-21.8266503],[-48.1041098,-21.826141],[-48.1044102,-21.8254488],[-48.104708,-21.8243759],[-48.1055084,-21.8205877],[-48.1058262,-21.8191171],[-48.1058618,-21.8189466],[-48.1062353,-21.8170678],[-48.1066301,-21.8152243],[-48.1069694,-21.8136143],[-48.1070308,-21.8132776],[-48.1070629,-21.8129979],[-48.1070834,-21.8125798],[-48.1070863,-21.8121861],[-48.1070629,-21.8117191],[-48.1070043,-21.811248],[-48.106785,-21.8103149],[-48.1066775,-21.8099079],[-48.1045599,-21.80146],[-48.1043697,-21.8008379],[-48.1041422,-21.8002273],[-48.1039023,-21.7996705],[-48.1035301,-21.7988967],[-48.1030979,-21.7981498],[-48.1006861,-21.7949406],[-48.100206,-21.7942613],[-48.0999189,-21.7937666],[-48.0997303,-21.7933547],[-48.0995581,-21.792956],[-48.0994274,-21.7925393],[-48.098683,-21.7900617],[-48.0984198,-21.7891374],[-48.0983039,-21.7884938],[-48.0982856,-21.7879177],[-48.0982672,-21.7873903],[-48.0982892,-21.7868647],[-48.0983532,-21.7865033],[-48.0984619,-21.7860658],[-48.0986095,-21.7854897],[-48.0987667,-21.7850173],[-48.0989743,-21.7845503],[-48.0991824,-21.7841385],[-48.0994053,-21.7837661],[-48.0999665,-21.7829173],[-48.1011084,-21.7812105],[-48.1038354,-21.7772226],[-48.1042553,-21.7766117],[-48.1057107,-21.774422],[-48.1058654,-21.7741988],[-48.1066124,-21.7730455],[-48.1072129,-21.772151],[-48.1076257,-21.771536],[-48.1079587,-21.7710962],[-48.1084343,-21.7705105],[-48.1089141,-21.7699881],[-48.1093669,-21.7695176],[-48.1098612,-21.7690721],[-48.1110771,-21.7680619],[-48.1132423,-21.7662393],[-48.1150972,-21.764653],[-48.1187223,-21.7616627],[-48.1198328,-21.7607351],[-48.1207327,-21.7600414],[-48.1209558,-21.7598986],[-48.121828,-21.7593435],[-48.1220739,-21.7591574],[-48.1223023,-21.7590106],[-48.1225352,-21.7588859],[-48.1228644,-21.7587339],[-48.1232215,-21.758608],[-48.1234217,-21.7585647],[-48.1236379,-21.7585251],[-48.1241469,-21.7584535],[-48.1244333,-21.7584341],[-48.1246919,-21.7584323],[-48.1248977,-21.7584542],[-48.1251939,-21.7584948],[-48.1255945,-21.7585496],[-48.1264433,-21.7586599],[-48.1271365,-21.7587532],[-48.1273943,-21.758779],[-48.1277033,-21.7587988],[-48.1279965,-21.7587929],[-48.1282006,-21.7587783],[-48.1283853,-21.7587427],[-48.1286064,-21.7586735],[-48.1288327,-21.7585801],[-48.1290827,-21.7584581],[-48.1292925,-21.7583361],[-48.1295241,-21.7581784],[-48.1296164,-21.7581083],[-48.129786,-21.7579815],[-48.1299466,-21.7578663],[-48.130169,-21.7576826],[-48.1303004,-21.7575889],[-48.1304411,-21.7574952],[-48.1305572,-21.7574231],[-48.1309899,-21.7571965],[-48.1315194,-21.7569732],[-48.1318278,-21.7568263],[-48.132273,-21.7565883],[-48.1323652,-21.7565417],[-48.1326123,-21.7563991],[-48.1328148,-21.7562707],[-48.1329134,-21.7562029],[-48.1331098,-21.7560338],[-48.1333035,-21.7558299],[-48.1333906,-21.7557016],[-48.1334627,-21.7555872],[-48.1335198,-21.7554645],[-48.1335528,-21.7553362],[-48.1335918,-21.7552134],[-48.1336287,-21.7550517],[-48.133638,-21.7549324],[-48.1336406,-21.754813],[-48.1336459,-21.7546388],[-48.1336489,-21.7539554],[-48.1336489,-21.7533362],[-48.1336529,-21.753101],[-48.1336862,-21.7528342],[-48.1336993,-21.7527259],[-48.1336999,-21.7526326],[-48.1337102,-21.7523169],[-48.1337117,-21.7522708],[-48.133709,-21.7520686],[-48.1337036,-21.7516393],[-48.1336996,-21.7510951],[-48.1336862,-21.7502799],[-48.1336768,-21.749861],[-48.1336956,-21.7496792],[-48.1337278,-21.7493323],[-48.1337331,-21.7489573],[-48.1337506,-21.7485774],[-48.1337667,-21.7483216],[-48.1337761,-21.7480463],[-48.1337613,-21.7474925],[-48.1337586,-21.7474028],[-48.1337559,-21.7471427],[-48.133768,-21.7466743],[-48.1337653,-21.7463125],[-48.133766,-21.7458143],[-48.133686,-21.7453296],[-48.1335681,-21.7448493],[-48.1334516,-21.7444749],[-48.1331749,-21.7438267],[-48.1328553,-21.7432284],[-48.132129,-21.7420643],[-48.1318848,-21.7416877],[-48.131635,-21.7413023],[-48.1312907,-21.7404599],[-48.1310611,-21.7396515],[-48.1309656,-21.7390224],[-48.1309332,-21.7384725],[-48.1310456,-21.7374151],[-48.1312491,-21.7366243],[-48.1315184,-21.7359424],[-48.1318092,-21.735395],[-48.1323435,-21.734648],[-48.1329272,-21.734005],[-48.1335017,-21.7334958],[-48.1376691,-21.7302715],[-48.1434305,-21.7257068],[-48.1468422,-21.7229859],[-48.1475182,-21.7222383],[-48.148473,-21.7205838],[-48.1487305,-21.7198761],[-48.1495566,-21.7163278],[-48.1501038,-21.7152114],[-48.1509246,-21.7141898],[-48.1518258,-21.7134323],[-48.1532205,-21.7126896],[-48.1550981,-21.7120617],[-48.1584026,-21.7109204],[-48.1621523,-21.7097691],[-48.163488,-21.7096146],[-48.1651993,-21.7096395],[-48.166594,-21.7098289],[-48.1681819,-21.7102675],[-48.1699522,-21.7109453],[-48.1709929,-21.7116431],[-48.1738167,-21.7136794],[-48.175617,-21.7149722],[-48.1769688,-21.7158793],[-48.1778486,-21.7163577],[-48.179415,-21.7169657],[-48.1802653,-21.7171777],[-48.1810146,-21.717348],[-48.1822524,-21.717445],[-48.183492,-21.7174342],[-48.1846185,-21.7173245],[-48.1859274,-21.7170554],[-48.1880302,-21.7163378],[-48.1898863,-21.7155703],[-48.1912483,-21.714997],[-48.1913277,-21.7149636],[-48.1966348,-21.7127295],[-48.2045848,-21.70951],[-48.2064622,-21.7086982],[-48.2075732,-21.7099443],[-48.2088074,-21.7115547],[-48.2094128,-21.712184],[-48.2104926,-21.7129414],[-48.2116896,-21.7131441],[-48.2123242,-21.7131158],[-48.2131448,-21.7128141],[-48.2136915,-21.7124237],[-48.2141425,-21.7117394],[-48.2142226,-21.7114551],[-48.214363,-21.7097864],[-48.2145644,-21.7089125],[-48.2149295,-21.7084672],[-48.2154277,-21.7083676],[-48.2170063,-21.7088669],[-48.2193835,-21.7108706],[-48.2201284,-21.7112509],[-48.2221268,-21.7119448],[-48.2239522,-21.7130456],[-48.224623,-21.7132012],[-48.2268501,-21.7133765],[-48.2299649,-21.7139165],[-48.2335937,-21.7152957],[-48.2363409,-21.7162268],[-48.2389767,-21.7169219],[-48.2407349,-21.7170232],[-48.2422139,-21.7169449],[-48.2435843,-21.7165352],[-48.244752,-21.7160177],[-48.2463175,-21.7144279],[-48.2472813,-21.7132006],[-48.2474992,-21.7124901],[-48.2475184,-21.7120093],[-48.2471894,-21.7061942],[-48.2516703,-21.7076897],[-48.2512977,-21.7094936],[-48.2511995,-21.7104773],[-48.2513158,-21.7119759],[-48.2517346,-21.7131394],[-48.2521924,-21.713786],[-48.2529267,-21.714435],[-48.2536838,-21.7148282],[-48.2548255,-21.7151079],[-48.2554839,-21.7153313],[-48.2558248,-21.7155401],[-48.2565023,-21.7165236],[-48.2573587,-21.718576],[-48.2578224,-21.7193659],[-48.2580867,-21.719626],[-48.2582864,-21.7197616],[-48.2591264,-21.7200174],[-48.2603682,-21.7200665],[-48.2612115,-21.7199237],[-48.2642574,-21.7190183],[-48.2654959,-21.7189314],[-48.2662356,-21.7191567],[-48.2664487,-21.719416],[-48.2666043,-21.7197597],[-48.2666931,-21.7204682],[-48.2664953,-21.7212847],[-48.2659936,-21.7221295],[-48.2632971,-21.7253587],[-48.2631079,-21.7257868],[-48.2631329,-21.7265939],[-48.2637243,-21.7271668],[-48.2651307,-21.7278452],[-48.2663218,-21.7285404],[-48.2677895,-21.7294288],[-48.2682837,-21.7298444],[-48.2685356,-21.7301509],[-48.2689131,-21.7309459],[-48.2694085,-21.7328401],[-48.2700754,-21.7342623],[-48.27037,-21.7346396],[-48.2709325,-21.7351125],[-48.2720035,-21.7356416],[-48.2732257,-21.7357998],[-48.2738543,-21.7358043],[-48.2747075,-21.7356817],[-48.277739,-21.734196],[-48.2792895,-21.7333198],[-48.2835566,-21.733867],[-48.289278,-21.7344299],[-48.2954857,-21.734723],[-48.2963933,-21.7346375],[-48.2971303,-21.734309],[-48.2975846,-21.7339055],[-48.2984251,-21.7321865],[-48.2989764,-21.7296758],[-48.2992037,-21.7292112],[-48.2995576,-21.7287491],[-48.3001579,-21.7281936],[-48.3044546,-21.7264175],[-48.3411018,-21.7296858],[-48.3411173,-21.729815],[-48.3411414,-21.7299695],[-48.3405901,-21.7338622],[-48.343,-21.748],[-48.3433464,-21.7487335],[-48.3440789,-21.7492279],[-48.3451579,-21.7496187],[-48.3482599,-21.7498423],[-48.3523275,-21.7505442],[-48.35655,-21.7513536],[-48.3588973,-21.7521868],[-48.3606437,-21.7533787],[-48.3607875,-21.7540604],[-48.3605552,-21.756443],[-48.3597221,-21.7588655],[-48.3595756,-21.7606003],[-48.3597296,-21.7622954],[-48.3645279,-21.7728044],[-48.3651008,-21.7735464],[-48.36528,-21.7742064],[-48.3652926,-21.7750389],[-48.3640606,-21.7789799],[-48.3640858,-21.7818207],[-48.3645409,-21.7837417],[-48.3673433,-21.7869239],[-48.3682296,-21.7920616],[-48.3686437,-21.7976376],[-48.3723048,-21.8007385],[-48.3756341,-21.8036106],[-48.3787059,-21.8076382],[-48.3812231,-21.8143387],[-48.3820967,-21.8169721],[-48.3848158,-21.819247],[-48.3890281,-21.8209663],[-48.3895072,-21.8215057],[-48.3899219,-21.8227223],[-48.3920962,-21.827405],[-48.3956223,-21.834239],[-48.3961715,-21.8356201],[-48.3953646,-21.838734],[-48.3950299,-21.8412503],[-48.3921931,-21.8471992],[-48.3966951,-21.8538566]]]}}]}